order_id,customer_id,customer_name,customer_city,order_date,order_timestamp,product_id,product_name,brand,category,unit_price,quantity,subtotal,discount_pct,discount_amount,total_amount,payment_method,region,order_status,product_rating
7771becb-970e-4940-9da1-d103b211d6b0,CUST-0005,Emma Miller,Jacksonville,2026-03-25,2026-03-25T01:38:47.269604+00:00,37,Red Onions,Unknown,groceries,2.13,3,6.39,0,0.0,6.39,credit_card,ap-southeast-1,completed,4.2
0a94318f-8ce7-4cb9-9fe2-bfeac105383f,CUST-0027,Daniel Cook,Los Angeles,2026-03-25,2026-03-25T02:08:27.269604+00:00,50,Black Whisk,Unknown,kitchen-accessories,10.86,1,10.86,10,1.09,9.77,paypal,eu-west-1,completed,3.9
4bb0f757-117c-407c-844d-7e955347c1c7,CUST-0015,William Gonzalez,San Jose,2026-03-25,2026-03-25T02:20:20.269604+00:00,50,Black Whisk,Unknown,kitchen-accessories,10.41,1,10.41,0,0.0,10.41,paypal,ap-northeast-1,completed,3.9
1ecc143c-9b71-45f7-a525-de88c048bca1,CUST-0022,Elijah Stewart,Columbus,2026-03-25,2026-03-25T02:35:42.269604+00:00,47,Table Lamp,Unknown,home-decoration,48.09,1,48.09,0,0.0,48.09,debit_card,us-west-2,returned,3.55
aa484e28-5bee-458e-aa88-4de61a9cf39e,CUST-0007,Alexander Jones,Indianapolis,2026-03-25,2026-03-25T02:59:13.269604+00:00,6,Calvin Klein CK One,Calvin Klein,fragrances,46.74,3,140.22,0,0.0,140.22,credit_card,ap-northeast-1,completed,4.37
577821e9-a4bd-46a7-9f8a-6d01e0ccb0c7,CUST-0021,Madison Collins,Philadelphia,2026-03-25,2026-03-25T03:00:32.269604+00:00,46,Plant Pot,Unknown,home-decoration,15.87,1,15.87,0,0.0,15.87,credit_card,ap-southeast-1,completed,3.01
812ae969-d3e7-4a01-8945-fbf4f40168d0,CUST-0009,Ethan Martinez,San Antonio,2026-03-25,2026-03-25T03:45:09.269604+00:00,19,Chicken Meat,Unknown,groceries,11.47,1,11.47,20,2.29,9.18,buy_now_pay_later,us-east-1,completed,3.19
94407853-8070-456a-93b0-d6975d0be1f3,CUST-0023,Chloe Morales,Dallas,2026-03-25,2026-03-25T03:50:45.269604+00:00,30,Kiwi,Unknown,groceries,2.85,2,5.7,5,0.28,5.42,credit_card,us-west-2,completed,4.93
00dcb4bc-9f87-4912-9caf-9fabf3dd51dd,CUST-0018,Logan Torres,Columbus,2026-03-25,2026-03-25T03:57:29.269604+00:00,24,Fish Steak,Unknown,groceries,14.06,4,56.24,15,8.44,47.8,credit_card,eu-west-1,completed,3.78
c2429851-67eb-4cb1-ab78-2f31a21a7528,CUST-0016,Avery Perez,Columbus,2026-03-25,2026-03-25T04:13:53.269604+00:00,25,Green Bell Pepper,Unknown,groceries,1.17,3,3.51,25,0.88,2.63,debit_card,ap-southeast-1,completed,3.25
41bdd147-f9a6-4af9-89f6-ec361833bfee,CUST-0018,Logan Torres,Columbus,2026-03-25,2026-03-25T04:28:29.269604+00:00,34,Nescafe Coffee,Unknown,groceries,7.6,2,15.2,0,0.0,15.2,credit_card,us-east-1,completed,4.82
fb1c7130-3342-4641-b507-b5163b33bd6c,CUST-0015,William Gonzalez,San Jose,2026-03-25,2026-03-25T04:30:48.269604+00:00,4,Red Lipstick,Chic Cosmetics,beauty,14.73,3,44.19,20,8.84,35.35,debit_card,ap-northeast-1,completed,4.36
c9b7e219-7da1-4e0f-85b1-a22aa19d6166,CUST-0021,Madison Collins,Philadelphia,2026-03-25,2026-03-25T04:43:27.269604+00:00,28,Ice Cream,Unknown,groceries,5.35,3,16.05,0,0.0,16.05,gift_card,us-east-1,cancelled,3.39
94349291-8fd9-4c67-9c18-6007e5434d5a,CUST-0028,Lily Lee,Phoenix,2026-03-25,2026-03-25T04:57:59.269604+00:00,19,Chicken Meat,Unknown,groceries,10.58,1,10.58,5,0.53,10.05,buy_now_pay_later,eu-west-1,completed,3.19
68f5fa50-4ba9-41ce-89a7-c4b63525fa39,CUST-0027,Daniel Cook,Los Angeles,2026-03-25,2026-03-25T05:04:06.269604+00:00,31,Lemon,Unknown,groceries,0.71,3,2.13,0,0.0,2.13,credit_card,us-west-2,completed,3.53
03becfd4-c0a9-4c9b-97c6-db58580c20fd,CUST-0004,James Davis,Seattle,2026-03-25,2026-03-25T05:16:08.269604+00:00,44,Family Tree Photo Frame,Unknown,home-decoration,26.45,2,52.9,0,0.0,52.9,debit_card,ap-southeast-1,completed,4.53
c3767a5b-6cf1-48c1-a774-9638f23fb702,CUST-0027,Daniel Cook,Los Angeles,2026-03-25,2026-03-25T05:28:01.269604+00:00,33,Mulberry,Unknown,groceries,5.41,2,10.82,10,1.08,9.74,buy_now_pay_later,us-west-2,returned,4.95
fa3c4b13-2767-49e2-a4b0-1a40b023a933,CUST-0027,Daniel Cook,Los Angeles,2026-03-25,2026-03-25T06:14:23.269604+00:00,33,Mulberry,Unknown,groceries,5.48,2,10.96,25,2.74,8.22,paypal,eu-west-1,completed,4.95
c1ffcf03-c4d5-4029-95a6-7f5701a87edb,CUST-0016,Avery Perez,Columbus,2026-03-25,2026-03-25T06:34:10.269604+00:00,29,Juice,Unknown,groceries,3.5,1,3.5,0,0.0,3.5,credit_card,ap-southeast-1,completed,3.94
42f21e6e-293f-4e81-980d-6f3f90a75908,CUST-0023,Chloe Morales,Dallas,2026-03-25,2026-03-25T06:44:59.269604+00:00,36,Protein Powder,Unknown,groceries,19.89,2,39.78,0,0.0,39.78,gift_card,ap-northeast-1,cancelled,4.18
ca2e76af-6883-47d8-8657-8209c2f5e4d4,CUST-0006,Olivia Wilson,Fort Worth,2026-03-25,2026-03-25T06:50:47.269604+00:00,30,Kiwi,Unknown,groceries,2.12,2,4.24,0,0.0,4.24,buy_now_pay_later,eu-west-1,cancelled,4.93
a4e590ee-d0b7-42d0-a4a3-afbee9020483,CUST-0003,Sophia Brown,Washington,2026-03-25,2026-03-25T06:52:17.269604+00:00,14,Knoll Saarinen Executive Conference Chair,Knoll,furniture,444.52,1,444.52,25,111.13,333.39,gift_card,ap-southeast-1,completed,4.88
e79a2ae5-aca7-4494-88e1-bd46b48359c2,CUST-0016,Avery Perez,Columbus,2026-03-25,2026-03-25T07:02:22.269604+00:00,18,Cat Food,Unknown,groceries,9.67,3,29.01,0,0.0,29.01,buy_now_pay_later,us-east-1,completed,3.13
f33e89c9-3cdc-4fe7-a53c-509fd15a2cf2,CUST-0029,Henry Hill,Indianapolis,2026-03-25,2026-03-25T07:04:58.269604+00:00,35,Potatoes,Unknown,groceries,2.27,1,2.27,0,0.0,2.27,buy_now_pay_later,ap-southeast-1,completed,4.81
ec87a27d-1bb3-4ddb-8419-ea8f6e5ee7d6,CUST-0004,James Davis,Seattle,2026-03-25,2026-03-25T07:08:38.269604+00:00,50,Black Whisk,Unknown,kitchen-accessories,10.09,1,10.09,0,0.0,10.09,credit_card,us-east-1,cancelled,3.9
f23046ff-7934-42e5-af7e-caa22b857098,CUST-0018,Logan Torres,Columbus,2026-03-25,2026-03-25T07:39:10.269604+00:00,39,Soft Drinks,Unknown,groceries,2.01,1,2.01,10,0.2,1.81,credit_card,us-west-2,completed,4.75
edea49a7-bdb6-4ea9-b202-83d22b5312f8,CUST-0025,Harper Kelly,Philadelphia,2026-03-25,2026-03-25T08:00:57.269604+00:00,35,Potatoes,Unknown,groceries,2.22,1,2.22,0,0.0,2.22,paypal,ap-southeast-1,completed,4.81
51b23eff-d8e4-452e-86f6-c3da5d076f30,CUST-0006,Olivia Wilson,Fort Worth,2026-03-25,2026-03-25T08:07:21.269604+00:00,48,Bamboo Spatula,Unknown,kitchen-accessories,8.2,4,32.8,0,0.0,32.8,debit_card,us-west-2,completed,3.27
9f07b14b-a2de-4d57-8263-c5b484b00d39,CUST-0004,James Davis,Seattle,2026-03-25,2026-03-25T08:22:49.269604+00:00,40,Strawberry,Unknown,groceries,3.67,1,3.67,0,0.0,3.67,gift_card,us-east-1,completed,3.08
fc44a103-09d3-4d2e-acec-a9e43e1e6072,CUST-0004,James Davis,Seattle,2026-03-25,2026-03-25T08:53:23.269604+00:00,28,Ice Cream,Unknown,groceries,4.81,3,14.43,20,2.89,11.54,debit_card,us-west-2,completed,3.39
47ea1fa1-01d2-4f81-b1ee-e5be56928557,CUST-0017,Evelyn Sanchez,San Diego,2026-03-25,2026-03-25T09:07:22.269604+00:00,38,Rice,Unknown,groceries,5.85,1,5.85,0,0.0,5.85,buy_now_pay_later,us-west-2,completed,3.18
7ac6fef6-9462-4a40-8ea8-d6dc9732c180,CUST-0028,Lily Lee,Phoenix,2026-03-25,2026-03-25T09:09:19.269604+00:00,44,Family Tree Photo Frame,Unknown,home-decoration,26.48,1,26.48,0,0.0,26.48,buy_now_pay_later,ap-southeast-1,cancelled,4.53
459559f4-99ff-4d19-ab05-af3aa385967e,CUST-0002,Michael Williams,Houston,2026-03-25,2026-03-25T09:35:32.269604+00:00,25,Green Bell Pepper,Unknown,groceries,1.34,1,1.34,0,0.0,1.34,buy_now_pay_later,us-east-1,completed,3.25
2ca8a9e7-f600-4cd4-8ad9-9e7c4c386966,CUST-0012,Mia Rodriguez,Jacksonville,2026-03-25,2026-03-25T09:36:34.269604+00:00,12,Annibale Colombo Sofa,Annibale Colombo,furniture,2302.4,1,2302.4,25,575.6,1726.8,paypal,ap-northeast-1,cancelled,3.92
6127ff1a-3c8b-456c-8fe1-158658c3b755,CUST-0009,Ethan Martinez,San Antonio,2026-03-25,2026-03-25T09:49:37.269604+00:00,44,Family Tree Photo Frame,Unknown,home-decoration,31.27,1,31.27,20,6.25,25.02,debit_card,eu-west-1,cancelled,4.53
243e50c5-a7ba-43ff-91ca-9db8eaafc28c,CUST-0013,Noah Hernandez,New York,2026-03-25,2026-03-25T09:53:48.269604+00:00,26,Green Chili Pepper,Unknown,groceries,1.03,1,1.03,20,0.21,0.82,buy_now_pay_later,us-west-2,completed,3.66
a751c039-8c17-493d-b2c7-33fcc5cbfa39,CUST-0016,Avery Perez,Columbus,2026-03-25,2026-03-25T10:12:32.269604+00:00,45,House Showpiece Plant,Unknown,home-decoration,45.0,1,45.0,0,0.0,45.0,credit_card,ap-southeast-1,completed,4.67
894ff8f0-41bd-4c5e-81df-402a88600c6f,CUST-0025,Harper Kelly,Philadelphia,2026-03-25,2026-03-25T10:25:55.269604+00:00,23,Eggs,Unknown,groceries,2.74,1,2.74,20,0.55,2.19,debit_card,us-west-2,completed,2.53
11101341-75fb-4c32-9b4a-e04238534f9b,CUST-0021,Madison Collins,Philadelphia,2026-03-25,2026-03-25T10:28:01.269604+00:00,3,Powder Canister,Velvet Touch,beauty,16.01,4,64.04,20,12.81,51.23,credit_card,ap-southeast-1,returned,4.64
eb83d607-cc14-4604-9b99-cbceb89c8543,CUST-0028,Lily Lee,Phoenix,2026-03-25,2026-03-25T10:30:10.269604+00:00,7,Chanel Coco Noir Eau De,Chanel,fragrances,130.89,1,130.89,0,0.0,130.89,debit_card,us-east-1,completed,4.26
e9ba2958-a1c0-46bd-9f81-969689468e8e,CUST-0027,Daniel Cook,Los Angeles,2026-03-25,2026-03-25T10:44:37.269604+00:00,44,Family Tree Photo Frame,Unknown,home-decoration,28.41,3,85.23,0,0.0,85.23,paypal,ap-southeast-1,completed,4.53
23209089-0ac5-44b4-b5d8-0b0dabc7a99d,CUST-0028,Lily Lee,Phoenix,2026-03-25,2026-03-25T10:46:54.269604+00:00,28,Ice Cream,Unknown,groceries,4.84,3,14.52,0,0.0,14.52,gift_card,eu-west-1,completed,3.39
a2d5378c-1c05-4b47-9273-078902acdc39,CUST-0019,Abigail Rivera,Chicago,2026-03-25,2026-03-25T10:49:36.269604+00:00,5,Red Nail Polish,Nail Couture,beauty,8.28,2,16.56,0,0.0,16.56,buy_now_pay_later,us-west-2,completed,4.32
b32de9e6-5a29-4199-8315-49ed978f4b81,CUST-0028,Lily Lee,Phoenix,2026-03-25,2026-03-25T10:50:25.269604+00:00,12,Annibale Colombo Sofa,Annibale Colombo,furniture,2236.18,2,4472.36,0,0.0,4472.36,buy_now_pay_later,ap-northeast-1,completed,3.92
ab0df666-27b9-4069-bb6d-7692d5b7c9b9,CUST-0009,Ethan Martinez,San Antonio,2026-03-25,2026-03-25T10:55:23.269604+00:00,27,Honey Jar,Unknown,groceries,7.31,3,21.93,15,3.29,18.64,paypal,us-west-2,completed,3.97
6e25dd6a-0d39-4ffc-8963-40516c28ec48,CUST-0004,James Davis,Seattle,2026-03-25,2026-03-25T11:32:52.269604+00:00,40,Strawberry,Unknown,groceries,4.16,4,16.64,25,4.16,12.48,credit_card,us-east-1,completed,3.08
7a15c302-3e93-4802-b04c-c7e2c18a1ed1,CUST-0006,Olivia Wilson,Fort Worth,2026-03-25,2026-03-25T11:41:00.269604+00:00,37,Red Onions,Unknown,groceries,2.13,1,2.13,0,0.0,2.13,buy_now_pay_later,eu-west-1,completed,4.2
f2879cdb-5e5c-49cd-9e98-cca0f26bfbdc,CUST-0018,Logan Torres,Columbus,2026-03-25,2026-03-25T12:06:09.269604+00:00,35,Potatoes,Unknown,groceries,2.29,4,9.16,25,2.29,6.87,paypal,ap-northeast-1,completed,4.81
8dba4b1c-fd1d-4ce6-b2e5-6b389ed6a7c8,CUST-0023,Chloe Morales,Dallas,2026-03-25,2026-03-25T12:16:36.269604+00:00,47,Table Lamp,Unknown,home-decoration,42.82,2,85.64,0,0.0,85.64,gift_card,eu-west-1,completed,3.55
973eff28-f367-4e1f-9fa5-c44ab31d8fb3,CUST-0001,Emily Johnson,Phoenix,2026-03-25,2026-03-25T12:22:55.269604+00:00,28,Ice Cream,Unknown,groceries,5.71,1,5.71,5,0.29,5.42,buy_now_pay_later,us-west-2,completed,3.39
4763255b-993b-4bce-a00f-5c9026b239d7,CUST-0016,Avery Perez,Columbus,2026-03-25,2026-03-25T12:27:05.269604+00:00,37,Red Onions,Unknown,groceries,1.78,4,7.12,5,0.36,6.76,credit_card,us-east-1,completed,4.2
fb525240-690a-43fe-8b04-1cd3851dd28f,CUST-0016,Avery Perez,Columbus,2026-03-25,2026-03-25T12:45:50.269604+00:00,44,Family Tree Photo Frame,Unknown,home-decoration,29.27,1,29.27,0,0.0,29.27,buy_now_pay_later,ap-northeast-1,completed,4.53
7eeecc87-dbda-4c3c-a271-f0c2426b9463,CUST-0024,Mateo Nguyen,Columbus,2026-03-25,2026-03-25T12:49:36.269604+00:00,3,Powder Canister,Velvet Touch,beauty,16.69,1,16.69,10,1.67,15.02,buy_now_pay_later,ap-southeast-1,completed,4.64
e70cc87f-96d7-4afc-99e9-8ab73aeac0e2,CUST-0029,Henry Hill,Indianapolis,2026-03-25,2026-03-25T12:53:44.269604+00:00,2,Eyeshadow Palette with Mirror,Glamour Beauty,beauty,21.12,1,21.12,0,0.0,21.12,gift_card,ap-southeast-1,completed,2.86
8697cc00-6537-4283-987f-737383f118af,CUST-0002,Michael Williams,Houston,2026-03-25,2026-03-25T13:03:42.269604+00:00,38,Rice,Unknown,groceries,6.79,4,27.16,0,0.0,27.16,gift_card,ap-northeast-1,completed,3.18
6ca43cc2-01a4-428c-a0f8-2ab8e3eb7fcd,CUST-0020,Jackson Evans,New York,2026-03-25,2026-03-25T13:08:26.269604+00:00,6,Calvin Klein CK One,Calvin Klein,fragrances,44.86,2,89.72,25,22.43,67.29,debit_card,eu-west-1,cancelled,4.37
1c639168-d736-4d8a-a3c7-3be475a1a660,CUST-0001,Emily Johnson,Phoenix,2026-03-25,2026-03-25T13:37:31.269604+00:00,11,Annibale Colombo Bed,Annibale Colombo,furniture,2067.79,2,4135.58,0,0.0,4135.58,buy_now_pay_later,ap-southeast-1,completed,4.77
e9750677-2ba8-47d7-8c24-f27bf0b41067,CUST-0010,Isabella Anderson,New York,2026-03-25,2026-03-25T13:38:47.269604+00:00,25,Green Bell Pepper,Unknown,groceries,1.44,1,1.44,0,0.0,1.44,paypal,us-east-1,completed,3.25
bbd3808c-20b9-4320-aacf-c11f10e1a1ac,CUST-0008,Ava Taylor,Fort Worth,2026-03-25,2026-03-25T13:51:45.269604+00:00,15,Wooden Bathroom Sink With Mirror,Bath Trends,furniture,862.74,1,862.74,0,0.0,862.74,debit_card,ap-northeast-1,completed,3.59
c4d82bf5-4e60-4320-9754-b499fb54ffba,CUST-0006,Olivia Wilson,Fort Worth,2026-03-25,2026-03-25T13:57:07.269604+00:00,44,Family Tree Photo Frame,Unknown,home-decoration,33.08,4,132.32,5,6.62,125.7,credit_card,eu-west-1,completed,4.53
1ff3e5f0-2a8c-48d6-a511-92d7437250cb,CUST-0008,Ava Taylor,Fort Worth,2026-03-25,2026-03-25T13:57:38.269604+00:00,31,Lemon,Unknown,groceries,0.72,1,0.72,0,0.0,0.72,debit_card,ap-northeast-1,completed,3.53
598f3d4d-ff9f-4de7-9d2f-ae99409566fb,CUST-0011,Liam Garcia,Denver,2026-03-25,2026-03-25T14:09:54.269604+00:00,30,Kiwi,Unknown,groceries,2.59,1,2.59,20,0.52,2.07,buy_now_pay_later,ap-southeast-1,completed,4.93
47813534-4302-4fa9-b53b-9ecfb4bea520,CUST-0030,Addison Wright,San Francisco,2026-03-25,2026-03-25T14:13:06.269604+00:00,25,Green Bell Pepper,Unknown,groceries,1.37,2,2.74,0,0.0,2.74,buy_now_pay_later,us-east-1,completed,3.25
9ea85526-d154-4eaf-bc8a-96ac13490ac5,CUST-0011,Liam Garcia,Denver,2026-03-25,2026-03-25T14:15:25.269604+00:00,21,Cucumber,Unknown,groceries,1.58,1,1.58,0,0.0,1.58,debit_card,ap-southeast-1,completed,4.07
585b5693-8d7e-4c74-89de-ddc809a95a45,CUST-0028,Lily Lee,Phoenix,2026-03-25,2026-03-25T14:24:30.269604+00:00,12,Annibale Colombo Sofa,Annibale Colombo,furniture,2739.33,1,2739.33,0,0.0,2739.33,gift_card,ap-southeast-1,returned,3.92
a95d9e95-a1ba-4b56-aae3-f3b22b794b75,CUST-0015,William Gonzalez,San Jose,2026-03-25,2026-03-25T14:27:55.269604+00:00,40,Strawberry,Unknown,groceries,4.37,3,13.11,15,1.97,11.14,debit_card,us-west-2,completed,3.08
2fa05346-6d33-4244-88ab-4226779a8381,CUST-0030,Addison Wright,San Francisco,2026-03-25,2026-03-25T14:31:43.269604+00:00,34,Nescafe Coffee,Unknown,groceries,7.82,2,15.64,10,1.56,14.08,buy_now_pay_later,us-east-1,completed,4.82
f3bc177d-6f0c-4b10-ab9e-caca8a09a3a8,CUST-0024,Mateo Nguyen,Columbus,2026-03-25,2026-03-25T14:39:00.269604+00:00,23,Eggs,Unknown,groceries,3.44,4,13.76,15,2.06,11.7,credit_card,eu-west-1,cancelled,2.53
50e8e0da-cf63-46d1-a8f8-32892cf48afb,CUST-0009,Ethan Martinez,San Antonio,2026-03-25,2026-03-25T14:39:04.269604+00:00,24,Fish Steak,Unknown,groceries,13.55,1,13.55,10,1.35,12.2,credit_card,ap-northeast-1,completed,3.78
f7f30660-7a04-4ee4-83b5-6aaf67bbe56d,CUST-0018,Logan Torres,Columbus,2026-03-25,2026-03-25T14:44:23.269604+00:00,43,Decoration Swing,Unknown,home-decoration,62.21,1,62.21,0,0.0,62.21,gift_card,eu-west-1,completed,3.16
ee9dc8d5-0ee0-420d-9353-cff1b19b7a4f,CUST-0023,Chloe Morales,Dallas,2026-03-25,2026-03-25T15:04:39.269604+00:00,25,Green Bell Pepper,Unknown,groceries,1.19,3,3.57,25,0.89,2.68,gift_card,ap-southeast-1,completed,3.25
374fe249-095b-44f3-96ac-ab74efae7d20,CUST-0004,James Davis,Seattle,2026-03-25,2026-03-25T15:18:06.269604+00:00,34,Nescafe Coffee,Unknown,groceries,7.81,3,23.43,0,0.0,23.43,debit_card,ap-southeast-1,completed,4.82
f7b9c9dc-1226-4b4e-8299-6fd6788d9fbd,CUST-0029,Henry Hill,Indianapolis,2026-03-25,2026-03-25T15:29:38.269604+00:00,36,Protein Powder,Unknown,groceries,20.46,2,40.92,5,2.05,38.87,credit_card,us-east-1,completed,4.18
b80d9825-aee5-4998-87cd-f9796951b681,CUST-0020,Jackson Evans,New York,2026-03-25,2026-03-25T15:34:18.269604+00:00,16,Apple,Unknown,groceries,1.81,1,1.81,0,0.0,1.81,debit_card,us-east-1,completed,4.19
d1710af6-b974-4338-9b60-4a749335cc55,CUST-0007,Alexander Jones,Indianapolis,2026-03-25,2026-03-25T15:34:25.269604+00:00,21,Cucumber,Unknown,groceries,1.69,5,8.45,15,1.27,7.18,paypal,eu-west-1,completed,4.07
82d6ddbf-5c8c-4c0b-9bd6-edeb81d0654b,CUST-0017,Evelyn Sanchez,San Diego,2026-03-25,2026-03-25T15:39:06.269604+00:00,10,Gucci Bloom Eau de,Gucci,fragrances,70.18,1,70.18,0,0.0,70.18,paypal,eu-west-1,completed,2.74
e0dc548f-2e40-4c44-ab9f-5ce70e9b102f,CUST-0029,Henry Hill,Indianapolis,2026-03-25,2026-03-25T16:11:24.269604+00:00,44,Family Tree Photo Frame,Unknown,home-decoration,31.2,1,31.2,5,1.56,29.64,credit_card,ap-southeast-1,completed,4.53
16ba78b3-9efe-4f18-9cb6-08a7b6057a91,CUST-0029,Henry Hill,Indianapolis,2026-03-25,2026-03-25T16:24:45.269604+00:00,48,Bamboo Spatula,Unknown,kitchen-accessories,9.03,2,18.06,20,3.61,14.45,credit_card,ap-southeast-1,completed,3.27
e71a6f70-4629-4bd6-9a3e-e56879b42963,CUST-0024,Mateo Nguyen,Columbus,2026-03-25,2026-03-25T16:47:17.269604+00:00,32,Milk,Unknown,groceries,3.21,4,12.84,0,0.0,12.84,credit_card,ap-southeast-1,completed,2.61
f1aa4be7-ac57-4408-9350-4cf93a24a4be,CUST-0005,Emma Miller,Jacksonville,2026-03-25,2026-03-25T16:51:00.269604+00:00,28,Ice Cream,Unknown,groceries,6.0,2,12.0,0,0.0,12.0,credit_card,us-west-2,completed,3.39
12a977bf-1f46-4874-a890-c0945e6d184d,CUST-0014,Charlotte Lopez,Columbus,2026-03-25,2026-03-25T17:08:26.269604+00:00,33,Mulberry,Unknown,groceries,4.42,2,8.84,10,0.88,7.96,debit_card,us-west-2,completed,4.95
bdeaf8a5-4519-4048-aa05-582f3fa74041,CUST-0015,William Gonzalez,San Jose,2026-03-25,2026-03-25T17:10:20.269604+00:00,7,Chanel Coco Noir Eau De,Chanel,fragrances,114.27,1,114.27,0,0.0,114.27,credit_card,us-east-1,completed,4.26
2f613b3f-8c0e-4361-a218-9894bab2ad99,CUST-0027,Daniel Cook,Los Angeles,2026-03-25,2026-03-25T17:12:09.269604+00:00,14,Knoll Saarinen Executive Conference Chair,Knoll,furniture,523.18,1,523.18,0,0.0,523.18,debit_card,ap-southeast-1,completed,4.88
4861cde6-2184-41b2-bd1f-90d3fc3191a2,CUST-0005,Emma Miller,Jacksonville,2026-03-25,2026-03-25T17:16:10.269604+00:00,20,Cooking Oil,Unknown,groceries,4.6,1,4.6,15,0.69,3.91,paypal,us-east-1,completed,4.8
4efcad63-8b8f-4941-904e-ce3d1e3f69c6,CUST-0024,Mateo Nguyen,Columbus,2026-03-25,2026-03-25T17:16:45.269604+00:00,44,Family Tree Photo Frame,Unknown,home-decoration,28.85,3,86.55,0,0.0,86.55,debit_card,ap-northeast-1,completed,4.53
78dde4bd-a343-4aa2-84d8-244b9275d123,CUST-0026,Evelyn Gonzalez,Dallas,2026-03-25,2026-03-25T17:19:06.269604+00:00,42,Water,Unknown,groceries,1.13,2,2.26,25,0.56,1.7,debit_card,eu-west-1,cancelled,4.96
4d3d3260-d875-4fdb-acc5-a793f5baf397,CUST-0020,Jackson Evans,New York,2026-03-25,2026-03-25T17:21:01.269604+00:00,32,Milk,Unknown,groceries,3.52,1,3.52,0,0.0,3.52,credit_card,us-west-2,completed,2.61
66e613ed-6674-4cd0-b352-f4135d67c151,CUST-0013,Noah Hernandez,New York,2026-03-25,2026-03-25T17:28:13.269604+00:00,35,Potatoes,Unknown,groceries,2.59,1,2.59,20,0.52,2.07,credit_card,eu-west-1,completed,4.81
e56e22f4-4f7b-4c61-81ce-685c35fb1bd5,CUST-0017,Evelyn Sanchez,San Diego,2026-03-25,2026-03-25T17:32:02.269604+00:00,50,Black Whisk,Unknown,kitchen-accessories,10.14,2,20.28,0,0.0,20.28,credit_card,ap-northeast-1,completed,3.9
5a045141-6ac7-40df-b518-46be8605a186,CUST-0003,Sophia Brown,Washington,2026-03-25,2026-03-25T17:40:57.269604+00:00,42,Water,Unknown,groceries,0.93,2,1.86,15,0.28,1.58,paypal,eu-west-1,completed,4.96
86c35a6f-74d6-4447-bfb7-d28012115cf4,CUST-0027,Daniel Cook,Los Angeles,2026-03-25,2026-03-25T17:45:54.269604+00:00,14,Knoll Saarinen Executive Conference Chair,Knoll,furniture,562.0,1,562.0,5,28.1,533.9,buy_now_pay_later,us-west-2,completed,4.88
550cfb0d-801a-444b-9437-6a82c833cd1b,CUST-0002,Michael Williams,Houston,2026-03-25,2026-03-25T17:57:51.269604+00:00,4,Red Lipstick,Chic Cosmetics,beauty,12.41,1,12.41,5,0.62,11.79,paypal,eu-west-1,completed,4.36
81f8c2d4-7e04-4a09-aa1d-14de084c79bd,CUST-0011,Liam Garcia,Denver,2026-03-25,2026-03-25T18:02:40.269604+00:00,19,Chicken Meat,Unknown,groceries,9.14,1,9.14,25,2.29,6.85,credit_card,ap-northeast-1,returned,3.19
dd536b36-43e6-4c1f-8eac-c825afa12fcd,CUST-0009,Ethan Martinez,San Antonio,2026-03-25,2026-03-25T18:06:02.269604+00:00,23,Eggs,Unknown,groceries,2.94,2,5.88,0,0.0,5.88,credit_card,ap-southeast-1,completed,2.53
9857ca01-55f5-4470-8ef9-243a42f39b3b,CUST-0019,Abigail Rivera,Chicago,2026-03-25,2026-03-25T18:26:10.269604+00:00,24,Fish Steak,Unknown,groceries,15.05,2,30.1,0,0.0,30.1,debit_card,eu-west-1,completed,3.78
ec828790-9bbc-4488-92c5-11867ca59f14,CUST-0021,Madison Collins,Philadelphia,2026-03-25,2026-03-25T18:50:08.269604+00:00,40,Strawberry,Unknown,groceries,4.41,4,17.64,15,2.65,14.99,buy_now_pay_later,us-west-2,cancelled,3.08
259776af-55d7-4a09-b144-9da137ef514b,CUST-0006,Olivia Wilson,Fort Worth,2026-03-25,2026-03-25T18:52:50.269604+00:00,36,Protein Powder,Unknown,groceries,22.14,1,22.14,0,0.0,22.14,debit_card,eu-west-1,cancelled,4.18
08c169ba-6292-496f-9311-6e75e0d07502,CUST-0026,Evelyn Gonzalez,Dallas,2026-03-25,2026-03-25T19:27:19.269604+00:00,41,Tissue Paper Box,Unknown,groceries,2.34,5,11.7,10,1.17,10.53,paypal,ap-southeast-1,completed,2.69
916e3c92-c206-4f85-93b3-35e9c7ed7a9b,CUST-0024,Mateo Nguyen,Columbus,2026-03-25,2026-03-25T19:48:47.269604+00:00,2,Eyeshadow Palette with Mirror,Glamour Beauty,beauty,19.33,1,19.33,0,0.0,19.33,buy_now_pay_later,us-east-1,cancelled,2.86
650f6f22-ed0a-4732-9e4d-10a97362c0a2,CUST-0020,Jackson Evans,New York,2026-03-25,2026-03-25T19:53:51.269604+00:00,8,Dior J'adore,Dior,fragrances,80.62,1,80.62,20,16.12,64.5,gift_card,ap-southeast-1,completed,3.8
951ff583-2bf6-4845-be9e-b1ef01e02798,CUST-0003,Sophia Brown,Washington,2026-03-25,2026-03-25T20:03:31.269604+00:00,6,Calvin Klein CK One,Calvin Klein,fragrances,54.84,1,54.84,15,8.23,46.61,paypal,us-west-2,completed,4.37
8a6436b7-a6e8-4a6a-b29c-8a628985f861,CUST-0021,Madison Collins,Philadelphia,2026-03-25,2026-03-25T20:39:04.269604+00:00,26,Green Chili Pepper,Unknown,groceries,1.02,3,3.06,20,0.61,2.45,paypal,ap-southeast-1,cancelled,3.66
0c86350b-d452-484c-8b27-9cb288643615,CUST-0009,Ethan Martinez,San Antonio,2026-03-25,2026-03-25T21:09:09.269604+00:00,41,Tissue Paper Box,Unknown,groceries,2.28,2,4.56,25,1.14,3.42,paypal,eu-west-1,completed,2.69
2c73b9a4-b3e9-4b02-8c9d-868f35babf67,CUST-0008,Ava Taylor,Fort Worth,2026-03-25,2026-03-25T21:11:27.269604+00:00,43,Decoration Swing,Unknown,home-decoration,51.86,1,51.86,0,0.0,51.86,debit_card,us-east-1,cancelled,3.16
afb168ad-d280-4654-86b9-7047e9c85a88,CUST-0013,Noah Hernandez,New York,2026-03-25,2026-03-25T21:28:12.269604+00:00,44,Family Tree Photo Frame,Unknown,home-decoration,33.61,1,33.61,10,3.36,30.25,gift_card,eu-west-1,completed,4.53
5c126929-61ff-4763-806e-0ea2f93cc2f7,CUST-0012,Mia Rodriguez,Jacksonville,2026-03-25,2026-03-25T21:28:44.269604+00:00,37,Red Onions,Unknown,groceries,2.16,1,2.16,0,0.0,2.16,buy_now_pay_later,eu-west-1,cancelled,4.2
25398562-70ac-4335-86f6-2f72016e8a56,CUST-0001,Emily Johnson,Phoenix,2026-03-25,2026-03-25T22:04:19.269604+00:00,22,Dog Food,Unknown,groceries,9.41,2,18.82,15,2.82,16.0,credit_card,us-west-2,completed,4.55
2d68b41c-e071-46d4-ad87-2a5ae7016cd9,CUST-0020,Jackson Evans,New York,2026-03-25,2026-03-25T22:08:13.269604+00:00,30,Kiwi,Unknown,groceries,2.75,1,2.75,20,0.55,2.2,gift_card,us-west-2,completed,4.93
cce518ba-36dc-4e8e-8ed9-22500068f494,CUST-0001,Emily Johnson,Phoenix,2026-03-25,2026-03-25T22:17:29.269604+00:00,10,Gucci Bloom Eau de,Gucci,fragrances,74.91,3,224.73,0,0.0,224.73,credit_card,us-west-2,completed,2.74
37ebc371-61bc-4a7d-96bb-d8980970cfa9,CUST-0021,Madison Collins,Philadelphia,2026-03-25,2026-03-25T22:24:01.269604+00:00,14,Knoll Saarinen Executive Conference Chair,Knoll,furniture,505.65,2,1011.3,25,252.82,758.48,debit_card,us-east-1,completed,4.88
81e256ae-ef47-4569-8187-3ba79e6a0b98,CUST-0018,Logan Torres,Columbus,2026-03-25,2026-03-25T22:41:55.269604+00:00,12,Annibale Colombo Sofa,Annibale Colombo,furniture,2628.22,2,5256.44,0,0.0,5256.44,paypal,us-east-1,completed,3.92
d05830dc-7a4f-47cc-9266-22e6a0ce5896,CUST-0008,Ava Taylor,Fort Worth,2026-03-25,2026-03-25T22:48:15.269604+00:00,12,Annibale Colombo Sofa,Annibale Colombo,furniture,2634.76,2,5269.52,0,0.0,5269.52,credit_card,eu-west-1,returned,3.92
275d4c01-487f-4fca-9c3e-704c5282aa01,CUST-0006,Olivia Wilson,Fort Worth,2026-03-25,2026-03-25T22:56:49.269604+00:00,45,House Showpiece Plant,Unknown,home-decoration,44.83,3,134.49,0,0.0,134.49,paypal,us-east-1,completed,4.67
032c15df-ba4d-4236-9a9b-77adfbdef1c2,CUST-0028,Lily Lee,Phoenix,2026-03-25,2026-03-25T22:57:47.269604+00:00,45,House Showpiece Plant,Unknown,home-decoration,44.99,1,44.99,0,0.0,44.99,gift_card,us-west-2,completed,4.67
bb2958e8-bb3f-443f-95cf-065dffcdfbe4,CUST-0025,Harper Kelly,Philadelphia,2026-03-25,2026-03-25T23:20:31.269604+00:00,16,Apple,Unknown,groceries,1.75,1,1.75,0,0.0,1.75,debit_card,ap-southeast-1,completed,4.19
212516a6-6e6f-44c0-acb3-e136f75b793e,CUST-0024,Mateo Nguyen,Columbus,2026-03-25,2026-03-25T23:39:54.269604+00:00,6,Calvin Klein CK One,Calvin Klein,fragrances,55.12,3,165.36,0,0.0,165.36,credit_card,us-east-1,returned,4.37
09491b6b-5cd1-450c-b965-e4d8392c2379,CUST-0030,Addison Wright,San Francisco,2026-03-25,2026-03-25T23:48:12.269604+00:00,14,Knoll Saarinen Executive Conference Chair,Knoll,furniture,513.05,3,1539.15,25,384.79,1154.36,paypal,us-west-2,completed,4.88
a5b80d4f-d170-41aa-93f4-5eb9c622d271,CUST-0005,Emma Miller,Jacksonville,2026-03-25,2026-03-25T23:52:11.269604+00:00,22,Dog Food,Unknown,groceries,12.47,1,12.47,0,0.0,12.47,paypal,us-east-1,completed,4.55
580b62a7-4864-4d19-9aef-94be9044cdec,CUST-0015,William Gonzalez,San Jose,2026-03-26,2026-03-26T00:04:22.269604+00:00,5,Red Nail Polish,Nail Couture,beauty,8.71,2,17.42,0,0.0,17.42,paypal,ap-northeast-1,completed,4.32
a7a804a7-6d93-4824-a446-31b2828dab7e,CUST-0016,Avery Perez,Columbus,2026-03-26,2026-03-26T00:05:42.269604+00:00,28,Ice Cream,Unknown,groceries,5.75,2,11.5,0,0.0,11.5,debit_card,ap-northeast-1,completed,3.39
d17f381f-3dea-4924-bd8d-f207b77d071a,CUST-0022,Elijah Stewart,Columbus,2026-03-26,2026-03-26T00:08:12.269604+00:00,40,Strawberry,Unknown,groceries,3.5,1,3.5,25,0.88,2.62,buy_now_pay_later,ap-northeast-1,cancelled,3.08
f666a235-30ca-4a89-823c-6d366b836655,CUST-0006,Olivia Wilson,Fort Worth,2026-03-26,2026-03-26T00:10:38.269604+00:00,17,Beef Steak,Unknown,groceries,12.37,4,49.48,0,0.0,49.48,buy_now_pay_later,eu-west-1,completed,4.47
1edb507a-86f3-4682-b370-b27acedfa808,CUST-0017,Evelyn Sanchez,San Diego,2026-03-26,2026-03-26T00:43:40.269604+00:00,31,Lemon,Unknown,groceries,0.79,3,2.37,0,0.0,2.37,debit_card,us-east-1,completed,3.53
d26029d3-9481-430c-bf27-937a3b210679,CUST-0015,William Gonzalez,San Jose,2026-03-26,2026-03-26T00:49:27.269604+00:00,45,House Showpiece Plant,Unknown,home-decoration,38.82,1,38.82,10,3.88,34.94,buy_now_pay_later,us-east-1,completed,4.67
6d9f01f0-a795-43b4-a4ae-d321457d23b5,CUST-0010,Isabella Anderson,New York,2026-03-26,2026-03-26T00:52:30.269604+00:00,26,Green Chili Pepper,Unknown,groceries,0.98,1,0.98,25,0.24,0.74,credit_card,us-east-1,completed,3.66
79184ed6-8cd2-460b-a01b-0f84aa28d1b8,CUST-0003,Sophia Brown,Washington,2026-03-26,2026-03-26T00:55:32.269604+00:00,26,Green Chili Pepper,Unknown,groceries,0.97,1,0.97,25,0.24,0.73,paypal,ap-northeast-1,completed,3.66
9bc76e85-606b-4bdf-97cf-b1c09f5a9ed1,CUST-0007,Alexander Jones,Indianapolis,2026-03-26,2026-03-26T00:58:29.269604+00:00,19,Chicken Meat,Unknown,groceries,9.77,1,9.77,15,1.47,8.3,buy_now_pay_later,eu-west-1,completed,3.19
66e670db-8509-4a59-9dff-848d1b0855c4,CUST-0001,Emily Johnson,Phoenix,2026-03-26,2026-03-26T01:00:18.269604+00:00,38,Rice,Unknown,groceries,6.76,1,6.76,0,0.0,6.76,gift_card,ap-southeast-1,completed,3.18
0f2137b1-d598-43da-8af3-96964e1163f0,CUST-0017,Evelyn Sanchez,San Diego,2026-03-26,2026-03-26T01:22:43.269604+00:00,32,Milk,Unknown,groceries,3.01,3,9.03,0,0.0,9.03,credit_card,us-west-2,completed,2.61
aae888df-a0fe-4130-b425-1562649a9ded,CUST-0013,Noah Hernandez,New York,2026-03-26,2026-03-26T01:24:09.269604+00:00,41,Tissue Paper Box,Unknown,groceries,2.65,3,7.95,0,0.0,7.95,buy_now_pay_later,ap-northeast-1,cancelled,2.69
04347e95-86ee-4c19-b31c-aa5afd68fc36,CUST-0001,Emily Johnson,Phoenix,2026-03-26,2026-03-26T01:50:43.269604+00:00,9,Dolce Shine Eau de,Dolce & Gabbana,fragrances,80.08,2,160.16,0,0.0,160.16,gift_card,us-west-2,returned,3.96
924a5f8e-4b59-4024-bb2a-7e201e3ac190,CUST-0009,Ethan Martinez,San Antonio,2026-03-26,2026-03-26T01:55:59.269604+00:00,23,Eggs,Unknown,groceries,3.41,1,3.41,0,0.0,3.41,debit_card,ap-northeast-1,completed,2.53
fd1ca0a8-f93d-4810-a4bd-041ed46ff689,CUST-0023,Chloe Morales,Dallas,2026-03-26,2026-03-26T01:57:23.269604+00:00,33,Mulberry,Unknown,groceries,4.47,1,4.47,0,0.0,4.47,buy_now_pay_later,us-west-2,completed,4.95
a9adba23-f343-4e2c-a595-63a29c18730c,CUST-0011,Liam Garcia,Denver,2026-03-26,2026-03-26T01:58:39.269604+00:00,17,Beef Steak,Unknown,groceries,14.09,1,14.09,0,0.0,14.09,debit_card,ap-northeast-1,completed,4.47
ae6015ea-3117-4ae8-99f2-f2c7b2b9a1f7,CUST-0022,Elijah Stewart,Columbus,2026-03-26,2026-03-26T02:05:32.269604+00:00,44,Family Tree Photo Frame,Unknown,home-decoration,27.41,1,27.41,25,6.85,20.56,paypal,ap-northeast-1,completed,4.53
a91e2ce3-5186-482a-9ce8-7f24b67cab2b,CUST-0020,Jackson Evans,New York,2026-03-26,2026-03-26T02:30:21.269604+00:00,36,Protein Powder,Unknown,groceries,20.42,1,20.42,10,2.04,18.38,credit_card,eu-west-1,completed,4.18
0127086e-c450-48b7-b4a6-8fc6344e3829,CUST-0022,Elijah Stewart,Columbus,2026-03-26,2026-03-26T02:50:39.269604+00:00,13,Bedside Table African Cherry,Furniture Co.,furniture,257.02,2,514.04,5,25.7,488.34,buy_now_pay_later,ap-southeast-1,cancelled,2.87
8e610c22-22d7-4b20-aaa4-c3169d46fc26,CUST-0026,Evelyn Gonzalez,Dallas,2026-03-26,2026-03-26T03:02:16.269604+00:00,49,Black Aluminium Cup,Unknown,kitchen-accessories,6.48,2,12.96,0,0.0,12.96,debit_card,ap-northeast-1,completed,4.46
b1b69060-83d7-4d94-a69f-ed52b3e111af,CUST-0006,Olivia Wilson,Fort Worth,2026-03-26,2026-03-26T03:14:13.269604+00:00,10,Gucci Bloom Eau de,Gucci,fragrances,75.94,1,75.94,0,0.0,75.94,paypal,ap-southeast-1,completed,2.74
80ebed09-1d4f-47ac-baff-7e29fe10b495,CUST-0014,Charlotte Lopez,Columbus,2026-03-26,2026-03-26T03:24:02.269604+00:00,48,Bamboo Spatula,Unknown,kitchen-accessories,7.85,3,23.55,0,0.0,23.55,debit_card,ap-southeast-1,cancelled,3.27
32688d52-70c2-464e-8702-88f2b08da00b,CUST-0030,Addison Wright,San Francisco,2026-03-26,2026-03-26T03:27:04.269604+00:00,49,Black Aluminium Cup,Unknown,kitchen-accessories,6.82,1,6.82,20,1.36,5.46,buy_now_pay_later,us-west-2,completed,4.46
ccdbb195-5ec2-46bf-b42d-e5996d8fce03,CUST-0001,Emily Johnson,Phoenix,2026-03-26,2026-03-26T03:29:50.269604+00:00,28,Ice Cream,Unknown,groceries,5.41,2,10.82,0,0.0,10.82,paypal,ap-northeast-1,completed,3.39
74494de8-ccb1-408d-b7ad-5f6c61e94494,CUST-0005,Emma Miller,Jacksonville,2026-03-26,2026-03-26T03:38:49.269604+00:00,20,Cooking Oil,Unknown,groceries,5.42,1,5.42,0,0.0,5.42,paypal,eu-west-1,cancelled,4.8
0e0ef2b6-57df-47cd-a655-43e3e9cb9fe0,CUST-0003,Sophia Brown,Washington,2026-03-26,2026-03-26T03:39:23.269604+00:00,26,Green Chili Pepper,Unknown,groceries,1.02,2,2.04,25,0.51,1.53,buy_now_pay_later,eu-west-1,cancelled,3.66
e3ef86a3-7330-4874-b453-1acbfa02895d,CUST-0010,Isabella Anderson,New York,2026-03-26,2026-03-26T03:40:52.269604+00:00,29,Juice,Unknown,groceries,3.86,4,15.44,0,0.0,15.44,debit_card,eu-west-1,completed,3.94
b4da15b4-ecc4-45ca-a840-0a09d8c4ccc0,CUST-0008,Ava Taylor,Fort Worth,2026-03-26,2026-03-26T04:10:42.269604+00:00,35,Potatoes,Unknown,groceries,2.09,1,2.09,0,0.0,2.09,buy_now_pay_later,us-east-1,completed,4.81
054195ca-d0aa-4aae-945a-a1953618d4df,CUST-0030,Addison Wright,San Francisco,2026-03-26,2026-03-26T04:22:00.269604+00:00,34,Nescafe Coffee,Unknown,groceries,7.52,1,7.52,0,0.0,7.52,gift_card,ap-northeast-1,completed,4.82
18c20309-b36a-4615-972e-213d7a273e32,CUST-0004,James Davis,Seattle,2026-03-26,2026-03-26T04:24:29.269604+00:00,45,House Showpiece Plant,Unknown,home-decoration,39.06,1,39.06,0,0.0,39.06,gift_card,us-east-1,completed,4.67
6dfa233f-7232-45e0-bdfc-94249119c234,CUST-0009,Ethan Martinez,San Antonio,2026-03-26,2026-03-26T04:29:23.269604+00:00,16,Apple,Unknown,groceries,1.94,4,7.76,0,0.0,7.76,credit_card,us-west-2,cancelled,4.19
c388365b-b188-468f-9b10-dc88b707ab78,CUST-0008,Ava Taylor,Fort Worth,2026-03-26,2026-03-26T04:59:04.269604+00:00,12,Annibale Colombo Sofa,Annibale Colombo,furniture,2148.3,1,2148.3,5,107.42,2040.88,gift_card,us-east-1,completed,3.92
a3d033c3-b97c-43ea-b891-499d576865d0,CUST-0014,Charlotte Lopez,Columbus,2026-03-26,2026-03-26T05:05:22.269604+00:00,29,Juice,Unknown,groceries,4.45,1,4.45,5,0.22,4.23,paypal,ap-southeast-1,completed,3.94
364332c1-c074-4357-b0c7-f45459368562,CUST-0003,Sophia Brown,Washington,2026-03-26,2026-03-26T05:13:57.269604+00:00,34,Nescafe Coffee,Unknown,groceries,7.78,3,23.34,5,1.17,22.17,buy_now_pay_later,us-west-2,cancelled,4.82
02af353f-61d9-478b-bfe2-5e74810419db,CUST-0022,Elijah Stewart,Columbus,2026-03-26,2026-03-26T05:23:18.269604+00:00,48,Bamboo Spatula,Unknown,kitchen-accessories,8.72,1,8.72,20,1.74,6.98,paypal,ap-northeast-1,returned,3.27
c71a64f4-06ff-421b-bdc2-a5ea482fd378,CUST-0030,Addison Wright,San Francisco,2026-03-26,2026-03-26T05:26:50.269604+00:00,45,House Showpiece Plant,Unknown,home-decoration,42.08,3,126.24,0,0.0,126.24,buy_now_pay_later,us-west-2,completed,4.67
d913c1b0-d192-426c-834b-868a70b95ade,CUST-0005,Emma Miller,Jacksonville,2026-03-26,2026-03-26T05:33:15.269604+00:00,18,Cat Food,Unknown,groceries,9.87,2,19.74,15,2.96,16.78,gift_card,eu-west-1,completed,3.13
891a3c53-e47e-481f-bb4c-44883a598c70,CUST-0004,James Davis,Seattle,2026-03-26,2026-03-26T05:42:11.269604+00:00,8,Dior J'adore,Dior,fragrances,80.27,4,321.08,0,0.0,321.08,debit_card,ap-northeast-1,completed,3.8
e66aa80a-cec0-4971-a2c5-8d7ede7cc050,CUST-0016,Avery Perez,Columbus,2026-03-26,2026-03-26T05:49:43.269604+00:00,22,Dog Food,Unknown,groceries,10.84,1,10.84,5,0.54,10.3,gift_card,ap-southeast-1,completed,4.55
7bfe73b0-8b59-46a7-a5e4-b922291845aa,CUST-0024,Mateo Nguyen,Columbus,2026-03-26,2026-03-26T06:08:17.269604+00:00,46,Plant Pot,Unknown,home-decoration,13.6,1,13.6,10,1.36,12.24,debit_card,ap-northeast-1,completed,3.01
af666b01-5639-4622-866c-f7cb4672aa5a,CUST-0030,Addison Wright,San Francisco,2026-03-26,2026-03-26T06:15:14.269604+00:00,25,Green Bell Pepper,Unknown,groceries,1.48,1,1.48,0,0.0,1.48,paypal,us-west-2,completed,3.25
bcf0ba79-1514-4b8a-a261-8b06b9c80ef5,CUST-0017,Evelyn Sanchez,San Diego,2026-03-26,2026-03-26T06:24:20.269604+00:00,19,Chicken Meat,Unknown,groceries,11.09,2,22.18,0,0.0,22.18,paypal,ap-southeast-1,completed,3.19
2243dbff-c73c-45b5-9bf1-50756c905072,CUST-0028,Lily Lee,Phoenix,2026-03-26,2026-03-26T06:37:37.269604+00:00,32,Milk,Unknown,groceries,3.98,1,3.98,15,0.6,3.38,gift_card,us-east-1,completed,2.61
e1da4584-17b0-4128-b1f5-26de37846ad1,CUST-0028,Lily Lee,Phoenix,2026-03-26,2026-03-26T06:40:07.269604+00:00,48,Bamboo Spatula,Unknown,kitchen-accessories,7.01,5,35.05,20,7.01,28.04,gift_card,us-west-2,cancelled,3.27
a2c023db-7692-47b0-8638-037cf5447dc9,CUST-0028,Lily Lee,Phoenix,2026-03-26,2026-03-26T06:48:45.269604+00:00,43,Decoration Swing,Unknown,home-decoration,55.09,1,55.09,0,0.0,55.09,gift_card,eu-west-1,completed,3.16
d7c8257e-a5b2-48a5-8000-e2cc381a02b7,CUST-0005,Emma Miller,Jacksonville,2026-03-26,2026-03-26T07:14:51.269604+00:00,41,Tissue Paper Box,Unknown,groceries,2.2,2,4.4,0,0.0,4.4,buy_now_pay_later,us-east-1,completed,2.69
5f2f2d29-aa1c-4357-8fd6-ce0a836b31b8,CUST-0009,Ethan Martinez,San Antonio,2026-03-26,2026-03-26T07:22:01.269604+00:00,4,Red Lipstick,Chic Cosmetics,beauty,12.99,2,25.98,0,0.0,25.98,buy_now_pay_later,us-east-1,completed,4.36
ac11a2b8-2322-434c-813d-5452526563d3,CUST-0024,Mateo Nguyen,Columbus,2026-03-26,2026-03-26T07:35:17.269604+00:00,48,Bamboo Spatula,Unknown,kitchen-accessories,6.83,3,20.49,0,0.0,20.49,buy_now_pay_later,eu-west-1,completed,3.27
0c30f34d-1e4b-4e54-9e61-782e20b564fe,CUST-0010,Isabella Anderson,New York,2026-03-26,2026-03-26T07:40:16.269604+00:00,22,Dog Food,Unknown,groceries,9.35,2,18.7,25,4.67,14.03,debit_card,ap-northeast-1,cancelled,4.55
77be5392-8cba-4871-9422-66e38d51bad5,CUST-0002,Michael Williams,Houston,2026-03-26,2026-03-26T07:48:31.269604+00:00,19,Chicken Meat,Unknown,groceries,9.12,1,9.12,15,1.37,7.75,credit_card,ap-northeast-1,completed,3.19
4ef1b421-82a4-412c-afc1-8a5002c1eb80,CUST-0009,Ethan Martinez,San Antonio,2026-03-26,2026-03-26T07:53:50.269604+00:00,5,Red Nail Polish,Nail Couture,beauty,9.8,1,9.8,0,0.0,9.8,credit_card,eu-west-1,completed,4.32
a0eedc8e-3ab4-42d5-a763-0c4b8142ed16,CUST-0017,Evelyn Sanchez,San Diego,2026-03-26,2026-03-26T08:05:49.269604+00:00,40,Strawberry,Unknown,groceries,4.33,4,17.32,10,1.73,15.59,debit_card,us-east-1,completed,3.08
3197b7fd-f154-4912-94e3-312282e8686b,CUST-0030,Addison Wright,San Francisco,2026-03-26,2026-03-26T08:09:44.269604+00:00,27,Honey Jar,Unknown,groceries,6.26,2,12.52,15,1.88,10.64,buy_now_pay_later,us-east-1,completed,3.97
e40ab1a9-f9ec-4cc3-ba78-dfeeed3001d2,CUST-0013,Noah Hernandez,New York,2026-03-26,2026-03-26T08:29:32.269604+00:00,3,Powder Canister,Velvet Touch,beauty,17.09,2,34.18,0,0.0,34.18,paypal,ap-southeast-1,cancelled,4.64
7beda2cc-2727-42f4-b2d6-d31ef61ac45b,CUST-0022,Elijah Stewart,Columbus,2026-03-26,2026-03-26T08:39:15.269604+00:00,46,Plant Pot,Unknown,home-decoration,14.88,2,29.76,0,0.0,29.76,debit_card,eu-west-1,completed,3.01
2ccd8610-80c9-4526-a8ab-500f153efeec,CUST-0009,Ethan Martinez,San Antonio,2026-03-26,2026-03-26T08:51:40.269604+00:00,1,Essence Mascara Lash Princess,Essence,beauty,9.29,1,9.29,0,0.0,9.29,credit_card,us-east-1,completed,2.56
2516f0c4-5e4b-419d-b360-9cb5f6e2ac87,CUST-0020,Jackson Evans,New York,2026-03-26,2026-03-26T09:04:05.269604+00:00,7,Chanel Coco Noir Eau De,Chanel,fragrances,142.55,1,142.55,0,0.0,142.55,buy_now_pay_later,ap-southeast-1,completed,4.26
3a880330-cd61-4d17-9284-8d7797258c02,CUST-0018,Logan Torres,Columbus,2026-03-26,2026-03-26T09:05:37.269604+00:00,31,Lemon,Unknown,groceries,0.78,1,0.78,0,0.0,0.78,debit_card,ap-northeast-1,completed,3.53
6d95d162-3069-414b-baa1-95256dcb5949,CUST-0017,Evelyn Sanchez,San Diego,2026-03-26,2026-03-26T09:14:04.269604+00:00,39,Soft Drinks,Unknown,groceries,2.01,2,4.02,25,1.0,3.02,gift_card,ap-southeast-1,completed,4.75
d10532b5-ae0e-48cf-9e27-5022eed064bc,CUST-0003,Sophia Brown,Washington,2026-03-26,2026-03-26T09:14:55.269604+00:00,30,Kiwi,Unknown,groceries,2.18,1,2.18,0,0.0,2.18,debit_card,eu-west-1,completed,4.93
9d381b60-5fda-48f1-bdd3-1f0946d0660c,CUST-0008,Ava Taylor,Fort Worth,2026-03-26,2026-03-26T09:28:20.269604+00:00,38,Rice,Unknown,groceries,5.68,1,5.68,20,1.14,4.54,paypal,us-west-2,completed,3.18
1a240f43-41c1-4dd7-9758-b4af38d48327,CUST-0010,Isabella Anderson,New York,2026-03-26,2026-03-26T09:32:15.269604+00:00,18,Cat Food,Unknown,groceries,8.76,3,26.28,0,0.0,26.28,gift_card,ap-northeast-1,completed,3.13
19d688dc-e06a-4454-9b3a-dcaffcc5f435,CUST-0014,Charlotte Lopez,Columbus,2026-03-26,2026-03-26T09:41:34.269604+00:00,32,Milk,Unknown,groceries,3.6,1,3.6,0,0.0,3.6,paypal,ap-northeast-1,completed,2.61
8168be7c-5408-48e9-8b1c-1d365b057d89,CUST-0027,Daniel Cook,Los Angeles,2026-03-26,2026-03-26T09:42:17.269604+00:00,43,Decoration Swing,Unknown,home-decoration,52.87,1,52.87,5,2.64,50.23,credit_card,ap-northeast-1,completed,3.16
dd811ebe-6eb8-44de-8dd6-db2065107b34,CUST-0023,Chloe Morales,Dallas,2026-03-26,2026-03-26T09:48:21.269604+00:00,10,Gucci Bloom Eau de,Gucci,fragrances,88.84,3,266.52,0,0.0,266.52,paypal,ap-southeast-1,completed,2.74
75dbfbe8-438c-4c9f-982d-d4c55b8390ee,CUST-0016,Avery Perez,Columbus,2026-03-26,2026-03-26T10:09:33.269604+00:00,32,Milk,Unknown,groceries,3.01,1,3.01,25,0.75,2.26,debit_card,us-east-1,completed,2.61
1b04283c-d682-479a-a504-73fabf2c453f,CUST-0012,Mia Rodriguez,Jacksonville,2026-03-26,2026-03-26T10:21:19.269604+00:00,35,Potatoes,Unknown,groceries,2.34,1,2.34,0,0.0,2.34,buy_now_pay_later,ap-southeast-1,completed,4.81
9d7127d0-58e0-4890-acaf-85a50501c555,CUST-0024,Mateo Nguyen,Columbus,2026-03-26,2026-03-26T10:24:22.269604+00:00,46,Plant Pot,Unknown,home-decoration,16.42,2,32.84,0,0.0,32.84,gift_card,ap-southeast-1,completed,3.01
1001af78-a171-4d5e-9262-257cdb0d5656,CUST-0018,Logan Torres,Columbus,2026-03-26,2026-03-26T10:28:11.269604+00:00,46,Plant Pot,Unknown,home-decoration,16.22,1,16.22,0,0.0,16.22,gift_card,ap-northeast-1,completed,3.01
4c2b3fc3-85c6-4313-941f-311222a69b6d,CUST-0008,Ava Taylor,Fort Worth,2026-03-26,2026-03-26T10:28:12.269604+00:00,42,Water,Unknown,groceries,0.89,2,1.78,0,0.0,1.78,debit_card,us-west-2,completed,4.96
4330fc99-86bb-4819-a268-dea8c78e995a,CUST-0023,Chloe Morales,Dallas,2026-03-26,2026-03-26T10:45:14.269604+00:00,45,House Showpiece Plant,Unknown,home-decoration,37.07,1,37.07,15,5.56,31.51,debit_card,eu-west-1,completed,4.67
eda5468a-ef5e-4658-8bdc-7e9ecdf65b79,CUST-0022,Elijah Stewart,Columbus,2026-03-26,2026-03-26T10:45:34.269604+00:00,39,Soft Drinks,Unknown,groceries,2.29,2,4.58,10,0.46,4.12,buy_now_pay_later,eu-west-1,completed,4.75
c16d1093-ef10-45d1-82ae-b8cb8e88d11f,CUST-0011,Liam Garcia,Denver,2026-03-26,2026-03-26T11:09:30.269604+00:00,49,Black Aluminium Cup,Unknown,kitchen-accessories,6.08,1,6.08,0,0.0,6.08,gift_card,ap-northeast-1,completed,4.46
8281989e-bcfb-4b37-9bcf-817277a8fa85,CUST-0025,Harper Kelly,Philadelphia,2026-03-26,2026-03-26T11:10:46.269604+00:00,37,Red Onions,Unknown,groceries,2.13,1,2.13,20,0.43,1.7,credit_card,us-west-2,completed,4.2
eecf9370-2cba-44ef-95e7-059d4fcadc27,CUST-0020,Jackson Evans,New York,2026-03-26,2026-03-26T11:25:38.269604+00:00,25,Green Bell Pepper,Unknown,groceries,1.34,3,4.02,15,0.6,3.42,paypal,eu-west-1,completed,3.25
7e310325-64f5-4755-9ad2-762aa805cfd2,CUST-0019,Abigail Rivera,Chicago,2026-03-26,2026-03-26T11:34:28.269604+00:00,39,Soft Drinks,Unknown,groceries,1.85,1,1.85,0,0.0,1.85,credit_card,ap-northeast-1,completed,4.75
5af11a84-2522-4e47-959c-cd3af9542acb,CUST-0015,William Gonzalez,San Jose,2026-03-26,2026-03-26T11:36:30.269604+00:00,36,Protein Powder,Unknown,groceries,17.07,1,17.07,0,0.0,17.07,debit_card,ap-southeast-1,completed,4.18
4d06de32-4031-47ba-88d8-43cb7febf94f,CUST-0029,Henry Hill,Indianapolis,2026-03-26,2026-03-26T11:46:49.269604+00:00,24,Fish Steak,Unknown,groceries,13.31,3,39.93,0,0.0,39.93,credit_card,eu-west-1,cancelled,3.78
dde27c40-e3bf-413e-b583-5738c7d58335,CUST-0013,Noah Hernandez,New York,2026-03-26,2026-03-26T11:49:06.269604+00:00,2,Eyeshadow Palette with Mirror,Glamour Beauty,beauty,17.21,1,17.21,25,4.3,12.91,debit_card,ap-northeast-1,completed,2.86
1ceca4fe-d691-4be4-bc6e-95476b365c87,CUST-0016,Avery Perez,Columbus,2026-03-26,2026-03-26T12:01:56.269604+00:00,3,Powder Canister,Velvet Touch,beauty,13.62,1,13.62,20,2.72,10.9,paypal,us-east-1,completed,4.64
35e2e4de-3da6-40be-93b1-1c0d48de78f9,CUST-0011,Liam Garcia,Denver,2026-03-26,2026-03-26T12:20:30.269604+00:00,20,Cooking Oil,Unknown,groceries,5.66,3,16.98,0,0.0,16.98,credit_card,ap-southeast-1,completed,4.8
1eb62692-7d70-44db-8633-55650a0352e0,CUST-0011,Liam Garcia,Denver,2026-03-26,2026-03-26T12:31:09.269604+00:00,15,Wooden Bathroom Sink With Mirror,Bath Trends,furniture,804.66,1,804.66,0,0.0,804.66,gift_card,us-west-2,cancelled,3.59
25eb71fc-3f36-4365-a850-111c285e7c47,CUST-0010,Isabella Anderson,New York,2026-03-26,2026-03-26T12:53:32.269604+00:00,21,Cucumber,Unknown,groceries,1.48,2,2.96,25,0.74,2.22,buy_now_pay_later,ap-northeast-1,completed,4.07
d711faab-0544-4bee-bc1b-551aae2e9fbe,CUST-0010,Isabella Anderson,New York,2026-03-26,2026-03-26T12:55:34.269604+00:00,50,Black Whisk,Unknown,kitchen-accessories,9.98,1,9.98,0,0.0,9.98,gift_card,eu-west-1,completed,3.9
c1040a81-6625-4b6a-a576-360d40ec14b1,CUST-0029,Henry Hill,Indianapolis,2026-03-26,2026-03-26T12:56:40.269604+00:00,36,Protein Powder,Unknown,groceries,19.3,2,38.6,25,9.65,28.95,buy_now_pay_later,us-west-2,completed,4.18
e7523ce5-c186-43e9-9e89-02ebc6f39815,CUST-0004,James Davis,Seattle,2026-03-26,2026-03-26T12:59:03.269604+00:00,26,Green Chili Pepper,Unknown,groceries,1.13,2,2.26,0,0.0,2.26,paypal,ap-southeast-1,completed,3.66
0a11e8b4-ab43-4c40-937e-0b36a90cddfb,CUST-0015,William Gonzalez,San Jose,2026-03-26,2026-03-26T13:04:51.269604+00:00,49,Black Aluminium Cup,Unknown,kitchen-accessories,5.76,2,11.52,0,0.0,11.52,paypal,ap-southeast-1,completed,4.46
85daa53a-81af-4c62-9762-ebf6866cbcb7,CUST-0005,Emma Miller,Jacksonville,2026-03-26,2026-03-26T13:15:57.269604+00:00,40,Strawberry,Unknown,groceries,4.21,3,12.63,0,0.0,12.63,buy_now_pay_later,ap-southeast-1,completed,3.08
bfc5c2a2-6213-4b61-8c03-fa1cc9503751,CUST-0023,Chloe Morales,Dallas,2026-03-26,2026-03-26T13:22:43.269604+00:00,17,Beef Steak,Unknown,groceries,12.3,2,24.6,25,6.15,18.45,credit_card,us-east-1,completed,4.47
eaeaf213-4759-4029-aa81-eea1c6e40aa7,CUST-0016,Avery Perez,Columbus,2026-03-26,2026-03-26T13:33:46.269604+00:00,1,Essence Mascara Lash Princess,Essence,beauty,8.95,1,8.95,20,1.79,7.16,paypal,ap-southeast-1,cancelled,2.56
2bbdc8ec-dad1-4623-90ca-3ac3ac690674,CUST-0015,William Gonzalez,San Jose,2026-03-26,2026-03-26T13:36:52.269604+00:00,4,Red Lipstick,Chic Cosmetics,beauty,11.69,1,11.69,25,2.92,8.77,gift_card,eu-west-1,completed,4.36
e184381a-44e5-4e22-872e-b2439e5b90e1,CUST-0028,Lily Lee,Phoenix,2026-03-26,2026-03-26T13:41:37.269604+00:00,28,Ice Cream,Unknown,groceries,4.78,2,9.56,0,0.0,9.56,paypal,ap-northeast-1,completed,3.39
4d7a8f70-7f83-42d1-a894-adbdc80b6738,CUST-0025,Harper Kelly,Philadelphia,2026-03-26,2026-03-26T13:43:47.269604+00:00,24,Fish Steak,Unknown,groceries,13.91,2,27.82,0,0.0,27.82,gift_card,eu-west-1,completed,3.78
87b47d5a-f086-4de4-b0cc-9abc6c5d8ae9,CUST-0024,Mateo Nguyen,Columbus,2026-03-26,2026-03-26T14:05:44.269604+00:00,6,Calvin Klein CK One,Calvin Klein,fragrances,43.05,1,43.05,25,10.76,32.29,buy_now_pay_later,ap-northeast-1,cancelled,4.37
c5254c3c-331c-49d3-8f9f-a97df10c97af,CUST-0009,Ethan Martinez,San Antonio,2026-03-26,2026-03-26T14:21:09.269604+00:00,44,Family Tree Photo Frame,Unknown,home-decoration,32.83,1,32.83,0,0.0,32.83,debit_card,us-west-2,completed,4.53
def483ca-f08c-4ad3-a681-d0411c92035b,CUST-0018,Logan Torres,Columbus,2026-03-26,2026-03-26T14:28:08.269604+00:00,20,Cooking Oil,Unknown,groceries,5.24,1,5.24,25,1.31,3.93,debit_card,ap-southeast-1,completed,4.8
9c2ba782-bfc0-48a7-a8c9-726af92e69cc,CUST-0005,Emma Miller,Jacksonville,2026-03-26,2026-03-26T14:36:55.269604+00:00,30,Kiwi,Unknown,groceries,2.44,4,9.76,5,0.49,9.27,paypal,us-west-2,completed,4.93
dabd4ce5-3c78-4593-9980-d3a3c9417b74,CUST-0012,Mia Rodriguez,Jacksonville,2026-03-26,2026-03-26T14:44:21.269604+00:00,17,Beef Steak,Unknown,groceries,11.42,2,22.84,5,1.14,21.7,debit_card,us-east-1,completed,4.47
8a83a4b1-c0d0-4468-8443-4a4ff10c56c4,CUST-0016,Avery Perez,Columbus,2026-03-26,2026-03-26T14:59:45.269604+00:00,40,Strawberry,Unknown,groceries,3.64,2,7.28,0,0.0,7.28,debit_card,us-west-2,cancelled,3.08
309d315c-e986-41e8-b215-1cfe13174c4d,CUST-0026,Evelyn Gonzalez,Dallas,2026-03-26,2026-03-26T15:17:33.269604+00:00,6,Calvin Klein CK One,Calvin Klein,fragrances,43.89,1,43.89,25,10.97,32.92,buy_now_pay_later,us-east-1,completed,4.37
655ac323-679f-486a-8c20-885ebcc64670,CUST-0023,Chloe Morales,Dallas,2026-03-26,2026-03-26T15:24:56.269604+00:00,48,Bamboo Spatula,Unknown,kitchen-accessories,7.13,2,14.26,5,0.71,13.55,credit_card,us-west-2,returned,3.27
8d5871c6-3d16-4d2c-9889-e601b56eb316,CUST-0028,Lily Lee,Phoenix,2026-03-26,2026-03-26T15:27:00.269604+00:00,12,Annibale Colombo Sofa,Annibale Colombo,furniture,2583.48,3,7750.44,15,1162.57,6587.87,gift_card,ap-southeast-1,completed,3.92
62108eb2-b31d-4dc0-9701-5c54228c689f,CUST-0014,Charlotte Lopez,Columbus,2026-03-26,2026-03-26T15:27:55.269604+00:00,41,Tissue Paper Box,Unknown,groceries,2.73,1,2.73,15,0.41,2.32,debit_card,eu-west-1,completed,2.69
70634fd6-c860-4299-b1c7-ccb97e6c6c7f,CUST-0012,Mia Rodriguez,Jacksonville,2026-03-26,2026-03-26T15:54:39.269604+00:00,33,Mulberry,Unknown,groceries,5.17,1,5.17,0,0.0,5.17,buy_now_pay_later,us-east-1,cancelled,4.95
07fa87df-70c0-45f3-85f3-7286c4044aea,CUST-0016,Avery Perez,Columbus,2026-03-26,2026-03-26T15:55:59.269604+00:00,18,Cat Food,Unknown,groceries,9.4,2,18.8,20,3.76,15.04,debit_card,ap-northeast-1,completed,3.13
c8bd436f-17c2-4048-b77f-e6a636b1583d,CUST-0004,James Davis,Seattle,2026-03-26,2026-03-26T15:59:21.269604+00:00,6,Calvin Klein CK One,Calvin Klein,fragrances,42.57,1,42.57,0,0.0,42.57,credit_card,us-west-2,completed,4.37
020ef5b6-32c1-45bc-8de7-af481f2ae4d5,CUST-0016,Avery Perez,Columbus,2026-03-26,2026-03-26T16:04:38.269604+00:00,37,Red Onions,Unknown,groceries,1.88,1,1.88,0,0.0,1.88,debit_card,ap-northeast-1,completed,4.2
0cba7c60-cc56-49dd-96d3-46addf509872,CUST-0018,Logan Torres,Columbus,2026-03-26,2026-03-26T16:48:17.269604+00:00,6,Calvin Klein CK One,Calvin Klein,fragrances,53.33,1,53.33,15,8.0,45.33,gift_card,ap-southeast-1,cancelled,4.37
803a1400-2997-43c5-b324-cde00cd4916b,CUST-0029,Henry Hill,Indianapolis,2026-03-26,2026-03-26T17:09:17.269604+00:00,10,Gucci Bloom Eau de,Gucci,fragrances,77.2,4,308.8,10,30.88,277.92,credit_card,eu-west-1,cancelled,2.74
1aec0739-7789-4665-afac-c52b2d1ddb05,CUST-0027,Daniel Cook,Los Angeles,2026-03-26,2026-03-26T17:14:01.269604+00:00,40,Strawberry,Unknown,groceries,3.69,3,11.07,20,2.21,8.86,credit_card,us-east-1,cancelled,3.08
ac4b7a5b-52c5-497b-b98b-5aa4e4216064,CUST-0019,Abigail Rivera,Chicago,2026-03-26,2026-03-26T17:16:36.269604+00:00,27,Honey Jar,Unknown,groceries,7.28,1,7.28,0,0.0,7.28,debit_card,us-west-2,completed,3.97
df34fe46-7e81-4aef-82d0-e7ed80013ef6,CUST-0020,Jackson Evans,New York,2026-03-26,2026-03-26T17:20:44.269604+00:00,20,Cooking Oil,Unknown,groceries,4.87,1,4.87,10,0.49,4.38,gift_card,us-east-1,completed,4.8
efaf355e-743f-45c9-b366-131ac53fe230,CUST-0013,Noah Hernandez,New York,2026-03-26,2026-03-26T17:22:00.269604+00:00,27,Honey Jar,Unknown,groceries,7.79,1,7.79,0,0.0,7.79,gift_card,us-west-2,completed,3.97
847d9485-5211-47e0-8eed-f8ee8ab763f2,CUST-0016,Avery Perez,Columbus,2026-03-26,2026-03-26T17:26:50.269604+00:00,46,Plant Pot,Unknown,home-decoration,15.66,1,15.66,0,0.0,15.66,debit_card,us-west-2,completed,3.01
b744bb22-8f16-4d95-89e5-6702dd8d0302,CUST-0019,Abigail Rivera,Chicago,2026-03-26,2026-03-26T17:30:01.269604+00:00,44,Family Tree Photo Frame,Unknown,home-decoration,29.54,1,29.54,5,1.48,28.06,buy_now_pay_later,eu-west-1,completed,4.53
4dc79401-87d2-4e5f-9fae-3a4f9af8d1e3,CUST-0002,Michael Williams,Houston,2026-03-26,2026-03-26T17:36:47.269604+00:00,33,Mulberry,Unknown,groceries,5.4,4,21.6,25,5.4,16.2,buy_now_pay_later,us-west-2,cancelled,4.95
2773ba43-26a7-4c1e-83da-6225eaf41118,CUST-0027,Daniel Cook,Los Angeles,2026-03-26,2026-03-26T17:49:12.269604+00:00,9,Dolce Shine Eau de,Dolce & Gabbana,fragrances,60.3,4,241.2,5,12.06,229.14,gift_card,ap-southeast-1,cancelled,3.96
574c56d8-df93-4b2e-8a89-98976ee9c23c,CUST-0027,Daniel Cook,Los Angeles,2026-03-26,2026-03-26T17:51:22.269604+00:00,21,Cucumber,Unknown,groceries,1.49,2,2.98,0,0.0,2.98,buy_now_pay_later,us-east-1,completed,4.07
1f4bb9df-ac3b-4f3d-bf00-b840867ff5e5,CUST-0029,Henry Hill,Indianapolis,2026-03-26,2026-03-26T17:52:16.269604+00:00,23,Eggs,Unknown,groceries,3.27,1,3.27,5,0.16,3.11,gift_card,us-west-2,returned,2.53
80ee8c3d-a9bd-4711-90ee-b48aab9d5508,CUST-0016,Avery Perez,Columbus,2026-03-26,2026-03-26T17:55:57.269604+00:00,45,House Showpiece Plant,Unknown,home-decoration,34.82,3,104.46,0,0.0,104.46,paypal,us-west-2,cancelled,4.67
fdb52976-797a-4d66-978a-e48a2e14881b,CUST-0011,Liam Garcia,Denver,2026-03-26,2026-03-26T18:09:04.269604+00:00,13,Bedside Table African Cherry,Furniture Co.,furniture,268.48,3,805.44,0,0.0,805.44,credit_card,ap-southeast-1,returned,2.87
92bb2275-47eb-47f5-bc34-5d3c54931264,CUST-0010,Isabella Anderson,New York,2026-03-26,2026-03-26T18:15:29.269604+00:00,45,House Showpiece Plant,Unknown,home-decoration,45.02,4,180.08,0,0.0,180.08,debit_card,eu-west-1,returned,4.67
0900ffd7-820c-42f8-85d8-60a3c154ceee,CUST-0027,Daniel Cook,Los Angeles,2026-03-26,2026-03-26T18:20:06.269604+00:00,24,Fish Steak,Unknown,groceries,15.76,3,47.28,0,0.0,47.28,debit_card,us-east-1,cancelled,3.78
29f0b489-a90c-4f36-bf48-233720d9a89b,CUST-0027,Daniel Cook,Los Angeles,2026-03-26,2026-03-26T18:39:35.269604+00:00,31,Lemon,Unknown,groceries,0.7,1,0.7,0,0.0,0.7,paypal,eu-west-1,completed,3.53
06c36c51-5bda-4019-aa22-2adf136c9879,CUST-0016,Avery Perez,Columbus,2026-03-26,2026-03-26T18:48:15.269604+00:00,10,Gucci Bloom Eau de,Gucci,fragrances,85.06,3,255.18,20,51.04,204.14,buy_now_pay_later,eu-west-1,completed,2.74
9f3adbbd-9c23-4d64-ac78-dc75f285c26e,CUST-0017,Evelyn Sanchez,San Diego,2026-03-26,2026-03-26T18:49:27.269604+00:00,30,Kiwi,Unknown,groceries,2.24,1,2.24,0,0.0,2.24,gift_card,ap-southeast-1,cancelled,4.93
a877fa34-c174-4350-ae51-cbe345e418c1,CUST-0022,Elijah Stewart,Columbus,2026-03-26,2026-03-26T19:00:10.269604+00:00,9,Dolce Shine Eau de,Dolce & Gabbana,fragrances,67.53,3,202.59,0,0.0,202.59,credit_card,ap-northeast-1,cancelled,3.96
79d64a7c-a35b-4408-81c4-6d631be6ad96,CUST-0006,Olivia Wilson,Fort Worth,2026-03-26,2026-03-26T19:07:08.269604+00:00,45,House Showpiece Plant,Unknown,home-decoration,43.14,4,172.56,0,0.0,172.56,buy_now_pay_later,ap-southeast-1,completed,4.67
b1888144-8bb3-45a0-bfdb-cb77263360f0,CUST-0010,Isabella Anderson,New York,2026-03-26,2026-03-26T19:07:17.269604+00:00,21,Cucumber,Unknown,groceries,1.52,3,4.56,0,0.0,4.56,buy_now_pay_later,us-west-2,completed,4.07
9abacb2e-f64f-4f69-ae16-acbf7322462f,CUST-0021,Madison Collins,Philadelphia,2026-03-26,2026-03-26T19:21:32.269604+00:00,15,Wooden Bathroom Sink With Mirror,Bath Trends,furniture,712.72,1,712.72,10,71.27,641.45,paypal,eu-west-1,completed,3.59
b2a6f8d5-77b9-4ccc-8915-1caa125505a1,CUST-0028,Lily Lee,Phoenix,2026-03-26,2026-03-26T19:32:14.269604+00:00,14,Knoll Saarinen Executive Conference Chair,Knoll,furniture,546.95,1,546.95,0,0.0,546.95,debit_card,ap-northeast-1,returned,4.88
22f00643-26e8-4abc-901f-67a1a4aacafb,CUST-0021,Madison Collins,Philadelphia,2026-03-26,2026-03-26T19:35:02.269604+00:00,50,Black Whisk,Unknown,kitchen-accessories,10.7,3,32.1,0,0.0,32.1,debit_card,eu-west-1,completed,3.9
d69c80dc-2912-4a0e-abdc-dea837830c41,CUST-0025,Harper Kelly,Philadelphia,2026-03-26,2026-03-26T19:44:24.269604+00:00,35,Potatoes,Unknown,groceries,2.15,4,8.6,0,0.0,8.6,gift_card,eu-west-1,completed,4.81
f4312cd1-4562-4299-9dd8-5d817f864adf,CUST-0026,Evelyn Gonzalez,Dallas,2026-03-26,2026-03-26T19:54:10.269604+00:00,19,Chicken Meat,Unknown,groceries,10.67,1,10.67,0,0.0,10.67,credit_card,eu-west-1,completed,3.19
0c6362cc-e595-45aa-9cd3-cef4e601f998,CUST-0009,Ethan Martinez,San Antonio,2026-03-26,2026-03-26T20:02:39.269604+00:00,18,Cat Food,Unknown,groceries,9.66,1,9.66,0,0.0,9.66,credit_card,eu-west-1,cancelled,3.13
eee31331-2f36-4519-9715-70f53e93b25d,CUST-0004,James Davis,Seattle,2026-03-26,2026-03-26T20:04:50.269604+00:00,7,Chanel Coco Noir Eau De,Chanel,fragrances,123.28,2,246.56,0,0.0,246.56,gift_card,ap-southeast-1,completed,4.26
80390774-132b-48a1-950d-d8a42deabdfa,CUST-0001,Emily Johnson,Phoenix,2026-03-26,2026-03-26T20:25:05.269604+00:00,46,Plant Pot,Unknown,home-decoration,13.54,3,40.62,0,0.0,40.62,buy_now_pay_later,us-west-2,completed,3.01
86162af7-93fd-4de4-879b-1b26ba2af915,CUST-0027,Daniel Cook,Los Angeles,2026-03-26,2026-03-26T20:27:59.269604+00:00,3,Powder Canister,Velvet Touch,beauty,14.65,5,73.25,0,0.0,73.25,buy_now_pay_later,eu-west-1,completed,4.64
497f50c1-b868-4142-9da4-f6afe97039d8,CUST-0025,Harper Kelly,Philadelphia,2026-03-26,2026-03-26T20:41:10.269604+00:00,17,Beef Steak,Unknown,groceries,13.16,5,65.8,5,3.29,62.51,paypal,ap-southeast-1,cancelled,4.47
5563a870-4b93-4f83-be13-b8c2ce262064,CUST-0029,Henry Hill,Indianapolis,2026-03-26,2026-03-26T20:48:32.269604+00:00,46,Plant Pot,Unknown,home-decoration,14.66,1,14.66,0,0.0,14.66,buy_now_pay_later,us-east-1,cancelled,3.01
0e561838-0b5b-4939-a15f-79ee0795bb83,CUST-0016,Avery Perez,Columbus,2026-03-26,2026-03-26T20:50:07.269604+00:00,43,Decoration Swing,Unknown,home-decoration,52.59,1,52.59,15,7.89,44.7,credit_card,ap-northeast-1,cancelled,3.16
2f443dac-724d-4e7b-87b2-bad558261206,CUST-0005,Emma Miller,Jacksonville,2026-03-26,2026-03-26T20:51:03.269604+00:00,26,Green Chili Pepper,Unknown,groceries,0.99,2,1.98,20,0.4,1.58,buy_now_pay_later,eu-west-1,completed,3.66
94848a44-7893-4b16-864d-2c3b7e50ffed,CUST-0027,Daniel Cook,Los Angeles,2026-03-26,2026-03-26T20:56:40.269604+00:00,40,Strawberry,Unknown,groceries,3.4,1,3.4,0,0.0,3.4,buy_now_pay_later,ap-northeast-1,completed,3.08
c999c541-58f3-4d21-808f-1d3e9547f582,CUST-0019,Abigail Rivera,Chicago,2026-03-26,2026-03-26T21:06:38.269604+00:00,25,Green Bell Pepper,Unknown,groceries,1.31,1,1.31,0,0.0,1.31,debit_card,us-west-2,completed,3.25
a259a2e6-b59c-4789-b461-0ce6d223728e,CUST-0028,Lily Lee,Phoenix,2026-03-26,2026-03-26T21:11:35.269604+00:00,7,Chanel Coco Noir Eau De,Chanel,fragrances,132.25,1,132.25,0,0.0,132.25,paypal,us-east-1,cancelled,4.26
3e40ef1e-690e-4d28-b785-ca4ba0ced6f3,CUST-0017,Evelyn Sanchez,San Diego,2026-03-26,2026-03-26T21:18:05.269604+00:00,24,Fish Steak,Unknown,groceries,14.5,3,43.5,15,6.53,36.97,paypal,us-east-1,cancelled,3.78
fa682a89-8583-4a33-b4ce-656158116240,CUST-0029,Henry Hill,Indianapolis,2026-03-26,2026-03-26T21:25:40.269604+00:00,22,Dog Food,Unknown,groceries,11.93,3,35.79,10,3.58,32.21,buy_now_pay_later,ap-northeast-1,completed,4.55
3154ad88-06ef-48ab-b415-14cdb93e6529,CUST-0009,Ethan Martinez,San Antonio,2026-03-26,2026-03-26T21:39:16.269604+00:00,20,Cooking Oil,Unknown,groceries,4.9,4,19.6,20,3.92,15.68,debit_card,us-east-1,cancelled,4.8
8580d2d5-75bd-49df-8f37-ddd07555ed2f,CUST-0001,Emily Johnson,Phoenix,2026-03-26,2026-03-26T21:42:38.269604+00:00,29,Juice,Unknown,groceries,3.72,2,7.44,0,0.0,7.44,credit_card,ap-northeast-1,completed,3.94
0b4595b8-9020-431e-ab5c-7489f020a9d4,CUST-0011,Liam Garcia,Denver,2026-03-26,2026-03-26T21:52:53.269604+00:00,44,Family Tree Photo Frame,Unknown,home-decoration,25.73,1,25.73,15,3.86,21.87,paypal,ap-northeast-1,cancelled,4.53
a213eb54-163a-4220-81bc-ea64e6ab1cf5,CUST-0023,Chloe Morales,Dallas,2026-03-26,2026-03-26T21:59:43.269604+00:00,27,Honey Jar,Unknown,groceries,6.87,1,6.87,0,0.0,6.87,debit_card,us-east-1,completed,3.97
4ee89166-e742-4aed-a8c9-bd4456ebffad,CUST-0006,Olivia Wilson,Fort Worth,2026-03-26,2026-03-26T22:05:58.269604+00:00,40,Strawberry,Unknown,groceries,4.5,2,9.0,0,0.0,9.0,debit_card,us-west-2,completed,3.08
3d099797-15bd-43f0-8ba1-bea8911d13c9,CUST-0028,Lily Lee,Phoenix,2026-03-26,2026-03-26T22:21:17.269604+00:00,34,Nescafe Coffee,Unknown,groceries,8.97,1,8.97,0,0.0,8.97,credit_card,ap-southeast-1,completed,4.82
12b8d4a8-d794-44dd-b304-c1386e976f30,CUST-0014,Charlotte Lopez,Columbus,2026-03-26,2026-03-26T22:24:38.269604+00:00,14,Knoll Saarinen Executive Conference Chair,Knoll,furniture,527.3,2,1054.6,0,0.0,1054.6,debit_card,us-west-2,completed,4.88
efe3bf38-03ac-4395-bac9-f4c01af519a8,CUST-0007,Alexander Jones,Indianapolis,2026-03-26,2026-03-26T22:24:40.269604+00:00,50,Black Whisk,Unknown,kitchen-accessories,9.94,1,9.94,0,0.0,9.94,buy_now_pay_later,us-west-2,completed,3.9
0c25b495-608a-425f-869a-bef48d7270b6,CUST-0023,Chloe Morales,Dallas,2026-03-26,2026-03-26T22:29:03.269604+00:00,11,Annibale Colombo Bed,Annibale Colombo,furniture,1947.86,1,1947.86,0,0.0,1947.86,credit_card,us-west-2,completed,4.77
14ce9dc4-576c-48ad-9c0e-10e61a3ebd26,CUST-0026,Evelyn Gonzalez,Dallas,2026-03-26,2026-03-26T22:39:02.269604+00:00,40,Strawberry,Unknown,groceries,3.57,1,3.57,0,0.0,3.57,buy_now_pay_later,eu-west-1,completed,3.08
eef157b2-796d-400a-8c36-3fc01ba98e4b,CUST-0012,Mia Rodriguez,Jacksonville,2026-03-26,2026-03-26T22:51:48.269604+00:00,37,Red Onions,Unknown,groceries,2.24,1,2.24,0,0.0,2.24,debit_card,eu-west-1,completed,4.2
eaf96d47-30b1-4c87-b801-c49bde22e9ea,CUST-0001,Emily Johnson,Phoenix,2026-03-26,2026-03-26T23:06:08.269604+00:00,10,Gucci Bloom Eau de,Gucci,fragrances,88.13,2,176.26,15,26.44,149.82,buy_now_pay_later,ap-southeast-1,completed,2.74
0bba32eb-8d60-4c81-bb30-9918a0041deb,CUST-0006,Olivia Wilson,Fort Worth,2026-03-26,2026-03-26T23:13:39.269604+00:00,15,Wooden Bathroom Sink With Mirror,Bath Trends,furniture,698.49,2,1396.98,0,0.0,1396.98,paypal,ap-northeast-1,completed,3.59
e4068e00-d140-46e4-9bd9-a07d3c307ae9,CUST-0010,Isabella Anderson,New York,2026-03-26,2026-03-26T23:20:27.269604+00:00,9,Dolce Shine Eau de,Dolce & Gabbana,fragrances,79.09,3,237.27,0,0.0,237.27,gift_card,ap-northeast-1,completed,3.96
995eea93-d551-4e3b-b8f3-c341aa6d3d59,CUST-0004,James Davis,Seattle,2026-03-26,2026-03-26T23:21:46.269604+00:00,26,Green Chili Pepper,Unknown,groceries,0.9,1,0.9,15,0.14,0.76,debit_card,ap-northeast-1,completed,3.66
ed89b292-fd87-49f1-8774-82dc275e6965,CUST-0022,Elijah Stewart,Columbus,2026-03-26,2026-03-26T23:35:27.269604+00:00,4,Red Lipstick,Chic Cosmetics,beauty,14.94,1,14.94,0,0.0,14.94,debit_card,ap-northeast-1,completed,4.36
9e77abca-8ce5-4446-a480-2b792afde4fb,CUST-0028,Lily Lee,Phoenix,2026-03-26,2026-03-26T23:54:35.269604+00:00,16,Apple,Unknown,groceries,1.78,1,1.78,0,0.0,1.78,paypal,ap-northeast-1,completed,4.19
3301d092-9d02-435e-98ff-991958d22705,CUST-0021,Madison Collins,Philadelphia,2026-03-27,2026-03-27T00:00:18.269604+00:00,19,Chicken Meat,Unknown,groceries,9.13,2,18.26,0,0.0,18.26,credit_card,us-east-1,completed,3.19
33c0438a-6d9f-4a48-ac94-43fefccf846f,CUST-0002,Michael Williams,Houston,2026-03-27,2026-03-27T00:12:44.269604+00:00,22,Dog Food,Unknown,groceries,11.98,2,23.96,20,4.79,19.17,gift_card,us-east-1,cancelled,4.55
c0e2143e-37e6-4295-86bc-c0d99bd23d72,CUST-0001,Emily Johnson,Phoenix,2026-03-27,2026-03-27T00:23:08.269604+00:00,40,Strawberry,Unknown,groceries,4.52,1,4.52,25,1.13,3.39,paypal,us-west-2,completed,3.08
a9e453c5-4537-4e42-ab78-729813a8628f,CUST-0006,Olivia Wilson,Fort Worth,2026-03-27,2026-03-27T00:23:10.269604+00:00,20,Cooking Oil,Unknown,groceries,4.74,1,4.74,0,0.0,4.74,paypal,ap-northeast-1,completed,4.8
e6cd7af8-e468-419b-a13b-f1f7b05c03cb,CUST-0009,Ethan Martinez,San Antonio,2026-03-27,2026-03-27T00:27:28.269604+00:00,18,Cat Food,Unknown,groceries,7.76,1,7.76,0,0.0,7.76,gift_card,ap-northeast-1,cancelled,3.13
0ca8339b-e405-454c-9dce-e6aba813b09b,CUST-0014,Charlotte Lopez,Columbus,2026-03-27,2026-03-27T00:49:31.269604+00:00,41,Tissue Paper Box,Unknown,groceries,2.43,1,2.43,5,0.12,2.31,debit_card,ap-northeast-1,cancelled,2.69
86cf629d-f703-4708-b54d-06f38d00ea0c,CUST-0029,Henry Hill,Indianapolis,2026-03-27,2026-03-27T01:12:15.269604+00:00,30,Kiwi,Unknown,groceries,2.14,1,2.14,20,0.43,1.71,gift_card,ap-southeast-1,completed,4.93
c66a570e-4ab5-4830-8f40-d2f4dd5fb8aa,CUST-0004,James Davis,Seattle,2026-03-27,2026-03-27T01:16:17.269604+00:00,18,Cat Food,Unknown,groceries,8.27,4,33.08,0,0.0,33.08,gift_card,ap-southeast-1,completed,3.13
ce1f66e0-3f77-4876-b8df-2b4af02b610d,CUST-0004,James Davis,Seattle,2026-03-27,2026-03-27T01:46:32.269604+00:00,20,Cooking Oil,Unknown,groceries,5.39,1,5.39,0,0.0,5.39,debit_card,ap-southeast-1,completed,4.8
46883653-bc3d-4e13-bb34-8cac18607270,CUST-0007,Alexander Jones,Indianapolis,2026-03-27,2026-03-27T02:00:36.269604+00:00,43,Decoration Swing,Unknown,home-decoration,55.52,2,111.04,25,27.76,83.28,gift_card,us-east-1,completed,3.16
87d988ca-4df4-4afd-8204-73780a071697,CUST-0014,Charlotte Lopez,Columbus,2026-03-27,2026-03-27T02:30:49.269604+00:00,45,House Showpiece Plant,Unknown,home-decoration,41.0,2,82.0,0,0.0,82.0,credit_card,eu-west-1,completed,4.67
5fbcabcc-9fb7-4e72-8c3a-ae29be592923,CUST-0030,Addison Wright,San Francisco,2026-03-27,2026-03-27T02:32:17.269604+00:00,10,Gucci Bloom Eau de,Gucci,fragrances,77.47,2,154.94,0,0.0,154.94,credit_card,eu-west-1,cancelled,2.74
a456a4ee-ef3d-4f8b-aae7-e1d2fb395f5b,CUST-0019,Abigail Rivera,Chicago,2026-03-27,2026-03-27T02:38:30.269604+00:00,47,Table Lamp,Unknown,home-decoration,54.26,1,54.26,20,10.85,43.41,buy_now_pay_later,us-east-1,completed,3.55
3e86d55b-87dd-41c4-bc68-61d37e379348,CUST-0020,Jackson Evans,New York,2026-03-27,2026-03-27T02:45:33.269604+00:00,19,Chicken Meat,Unknown,groceries,9.08,3,27.24,10,2.72,24.52,credit_card,eu-west-1,completed,3.19
e49f746d-71bb-46ee-9375-e08eab825985,CUST-0026,Evelyn Gonzalez,Dallas,2026-03-27,2026-03-27T02:53:28.269604+00:00,11,Annibale Colombo Bed,Annibale Colombo,furniture,2048.38,1,2048.38,0,0.0,2048.38,buy_now_pay_later,ap-northeast-1,returned,4.77
67d901c7-0515-4f45-8d07-e306d95d6298,CUST-0022,Elijah Stewart,Columbus,2026-03-27,2026-03-27T03:03:33.269604+00:00,7,Chanel Coco Noir Eau De,Chanel,fragrances,143.69,3,431.07,0,0.0,431.07,paypal,eu-west-1,completed,4.26
58401b2e-b92f-430b-9e1b-46deb1810121,CUST-0020,Jackson Evans,New York,2026-03-27,2026-03-27T03:06:38.269604+00:00,41,Tissue Paper Box,Unknown,groceries,2.15,1,2.15,0,0.0,2.15,buy_now_pay_later,us-east-1,completed,2.69
3e04f992-eb12-495d-b2a5-0cea9a94af45,CUST-0001,Emily Johnson,Phoenix,2026-03-27,2026-03-27T03:18:46.269604+00:00,26,Green Chili Pepper,Unknown,groceries,0.95,2,1.9,0,0.0,1.9,credit_card,ap-southeast-1,cancelled,3.66
9f23454b-55bd-4b4e-982b-6edcbe40a382,CUST-0011,Liam Garcia,Denver,2026-03-27,2026-03-27T03:33:10.269604+00:00,9,Dolce Shine Eau de,Dolce & Gabbana,fragrances,76.65,3,229.95,15,34.49,195.46,paypal,us-east-1,completed,3.96
31f630ef-4978-485c-9779-3d6e76162f73,CUST-0011,Liam Garcia,Denver,2026-03-27,2026-03-27T03:50:12.269604+00:00,36,Protein Powder,Unknown,groceries,18.94,2,37.88,10,3.79,34.09,gift_card,ap-northeast-1,completed,4.18
44ff344e-2413-4b50-9844-d46211ad84c6,CUST-0019,Abigail Rivera,Chicago,2026-03-27,2026-03-27T03:58:23.269604+00:00,31,Lemon,Unknown,groceries,0.89,3,2.67,0,0.0,2.67,debit_card,us-east-1,cancelled,3.53
f18ef1b9-56ae-46cc-90e8-d4c1d6313ca6,CUST-0001,Emily Johnson,Phoenix,2026-03-27,2026-03-27T03:59:54.269604+00:00,5,Red Nail Polish,Nail Couture,beauty,8.48,2,16.96,0,0.0,16.96,debit_card,us-west-2,completed,4.32
0ce61ad9-d134-42a8-92bc-fa200988cfa1,CUST-0023,Chloe Morales,Dallas,2026-03-27,2026-03-27T04:06:05.269604+00:00,35,Potatoes,Unknown,groceries,2.15,1,2.15,0,0.0,2.15,paypal,ap-northeast-1,cancelled,4.81
6c841b1d-2a7e-4dea-b8d8-dc23c7dbf2b8,CUST-0008,Ava Taylor,Fort Worth,2026-03-27,2026-03-27T04:14:05.269604+00:00,45,House Showpiece Plant,Unknown,home-decoration,35.51,1,35.51,0,0.0,35.51,buy_now_pay_later,us-east-1,completed,4.67
56e01642-3fcd-48e7-9e80-f6a5ccf85aca,CUST-0006,Olivia Wilson,Fort Worth,2026-03-27,2026-03-27T04:23:11.269604+00:00,10,Gucci Bloom Eau de,Gucci,fragrances,73.85,1,73.85,20,14.77,59.08,credit_card,ap-northeast-1,completed,2.74
af4b8435-2d1c-4c36-8c80-b403be2b974e,CUST-0030,Addison Wright,San Francisco,2026-03-27,2026-03-27T04:24:18.269604+00:00,27,Honey Jar,Unknown,groceries,6.57,1,6.57,15,0.99,5.58,gift_card,ap-northeast-1,cancelled,3.97
89f1d767-d551-4954-93fd-17307601a8e9,CUST-0008,Ava Taylor,Fort Worth,2026-03-27,2026-03-27T04:28:07.269604+00:00,46,Plant Pot,Unknown,home-decoration,17.1,2,34.2,15,5.13,29.07,gift_card,eu-west-1,completed,3.01
c3c9ba62-65a9-4beb-a0a8-9025b7e188b0,CUST-0024,Mateo Nguyen,Columbus,2026-03-27,2026-03-27T04:33:16.269604+00:00,40,Strawberry,Unknown,groceries,4.12,1,4.12,25,1.03,3.09,credit_card,us-east-1,cancelled,3.08
a9b4c385-f7bf-4230-a8b0-b216780609ae,CUST-0014,Charlotte Lopez,Columbus,2026-03-27,2026-03-27T04:35:45.269604+00:00,35,Potatoes,Unknown,groceries,2.45,3,7.35,0,0.0,7.35,credit_card,ap-southeast-1,completed,4.81
cf59fe15-dbfa-4db1-b3fa-b49f3c92afb8,CUST-0015,William Gonzalez,San Jose,2026-03-27,2026-03-27T05:04:22.269604+00:00,48,Bamboo Spatula,Unknown,kitchen-accessories,8.24,3,24.72,0,0.0,24.72,credit_card,us-west-2,completed,3.27
56487dc1-4c0e-48f0-8cf2-b5672b4834d7,CUST-0018,Logan Torres,Columbus,2026-03-27,2026-03-27T05:22:53.269604+00:00,6,Calvin Klein CK One,Calvin Klein,fragrances,48.47,2,96.94,0,0.0,96.94,gift_card,eu-west-1,completed,4.37
a3365978-9a3b-49f4-abf0-81afcee871ff,CUST-0002,Michael Williams,Houston,2026-03-27,2026-03-27T05:38:04.269604+00:00,18,Cat Food,Unknown,groceries,7.77,1,7.77,0,0.0,7.77,paypal,us-east-1,completed,3.13
51fbac1f-6161-40eb-94f3-f12eda21541f,CUST-0009,Ethan Martinez,San Antonio,2026-03-27,2026-03-27T05:46:08.269604+00:00,32,Milk,Unknown,groceries,3.33,2,6.66,0,0.0,6.66,credit_card,eu-west-1,completed,2.61
9df7bf1a-8077-483d-bcc6-c76190e59a8f,CUST-0015,William Gonzalez,San Jose,2026-03-27,2026-03-27T05:47:25.269604+00:00,45,House Showpiece Plant,Unknown,home-decoration,43.02,1,43.02,0,0.0,43.02,buy_now_pay_later,us-west-2,completed,4.67
d9b1b7bc-ce74-46de-bb89-083fb52db1d5,CUST-0011,Liam Garcia,Denver,2026-03-27,2026-03-27T05:55:35.269604+00:00,13,Bedside Table African Cherry,Furniture Co.,furniture,285.83,5,1429.15,5,71.46,1357.69,credit_card,ap-southeast-1,completed,2.87
04d9efa0-c50c-46c6-be9c-2c22c5c31734,CUST-0020,Jackson Evans,New York,2026-03-27,2026-03-27T05:57:20.269604+00:00,18,Cat Food,Unknown,groceries,9.8,2,19.6,0,0.0,19.6,buy_now_pay_later,eu-west-1,completed,3.13
c7540746-33af-4501-b434-c77faad85fee,CUST-0004,James Davis,Seattle,2026-03-27,2026-03-27T06:42:34.269604+00:00,6,Calvin Klein CK One,Calvin Klein,fragrances,52.57,1,52.57,0,0.0,52.57,paypal,us-west-2,completed,4.37
14fb5a9d-98d3-41ed-8f7e-c0905f268f9e,CUST-0021,Madison Collins,Philadelphia,2026-03-27,2026-03-27T06:46:06.269604+00:00,4,Red Lipstick,Chic Cosmetics,beauty,12.17,2,24.34,0,0.0,24.34,credit_card,ap-northeast-1,returned,4.36
fb65ed12-c002-49f5-a3b7-1e5f25e8f9c3,CUST-0013,Noah Hernandez,New York,2026-03-27,2026-03-27T07:15:47.269604+00:00,2,Eyeshadow Palette with Mirror,Glamour Beauty,beauty,22.85,1,22.85,0,0.0,22.85,paypal,ap-southeast-1,cancelled,2.86
c6fbcdf5-61d7-49e6-9e49-b443fa1298f3,CUST-0014,Charlotte Lopez,Columbus,2026-03-27,2026-03-27T07:29:54.269604+00:00,33,Mulberry,Unknown,groceries,4.82,2,9.64,15,1.45,8.19,gift_card,ap-northeast-1,completed,4.95
218dc32d-3e66-4529-af22-37945d13cd68,CUST-0024,Mateo Nguyen,Columbus,2026-03-27,2026-03-27T07:35:03.269604+00:00,26,Green Chili Pepper,Unknown,groceries,0.93,1,0.93,0,0.0,0.93,gift_card,ap-northeast-1,completed,3.66
dae1d69e-4fc3-4be8-bef4-5843bd401a12,CUST-0023,Chloe Morales,Dallas,2026-03-27,2026-03-27T08:13:02.269604+00:00,6,Calvin Klein CK One,Calvin Klein,fragrances,44.37,1,44.37,0,0.0,44.37,credit_card,us-west-2,completed,4.37
f5e16c6b-7df5-4203-94e4-90293e4337b6,CUST-0030,Addison Wright,San Francisco,2026-03-27,2026-03-27T08:44:32.269604+00:00,14,Knoll Saarinen Executive Conference Chair,Knoll,furniture,555.41,1,555.41,0,0.0,555.41,credit_card,ap-southeast-1,completed,4.88
73950298-55ee-497c-b60c-413a69081c24,CUST-0022,Elijah Stewart,Columbus,2026-03-27,2026-03-27T08:47:03.269604+00:00,23,Eggs,Unknown,groceries,2.74,2,5.48,0,0.0,5.48,gift_card,us-west-2,cancelled,2.53
849abe2f-e694-46a6-8dbd-13c49f896bce,CUST-0007,Alexander Jones,Indianapolis,2026-03-27,2026-03-27T08:47:46.269604+00:00,26,Green Chili Pepper,Unknown,groceries,1.06,3,3.18,0,0.0,3.18,buy_now_pay_later,ap-southeast-1,completed,3.66
4faaf2aa-9616-4700-b59d-5af7460c54b0,CUST-0018,Logan Torres,Columbus,2026-03-27,2026-03-27T08:52:32.269604+00:00,22,Dog Food,Unknown,groceries,11.47,4,45.88,0,0.0,45.88,credit_card,eu-west-1,completed,4.55
2eb7377a-7b95-4d61-8f99-2f893ccd0b96,CUST-0015,William Gonzalez,San Jose,2026-03-27,2026-03-27T08:54:14.269604+00:00,40,Strawberry,Unknown,groceries,3.63,1,3.63,0,0.0,3.63,paypal,us-east-1,completed,3.08
13bba84d-03fa-4d4b-95de-afb56134f4b8,CUST-0002,Michael Williams,Houston,2026-03-27,2026-03-27T09:03:24.269604+00:00,3,Powder Canister,Velvet Touch,beauty,14.16,1,14.16,0,0.0,14.16,paypal,eu-west-1,returned,4.64
ae57cf86-6e39-479a-b214-602b2d50c244,CUST-0019,Abigail Rivera,Chicago,2026-03-27,2026-03-27T09:24:07.269604+00:00,6,Calvin Klein CK One,Calvin Klein,fragrances,50.77,3,152.31,15,22.85,129.46,credit_card,us-east-1,completed,4.37
19164792-24e8-47a4-9a8f-14cf1109d1b3,CUST-0002,Michael Williams,Houston,2026-03-27,2026-03-27T09:38:10.269604+00:00,6,Calvin Klein CK One,Calvin Klein,fragrances,55.77,1,55.77,0,0.0,55.77,credit_card,ap-northeast-1,completed,4.37
5d200674-fb14-4a5a-93e2-80294356a703,CUST-0022,Elijah Stewart,Columbus,2026-03-27,2026-03-27T09:38:49.269604+00:00,20,Cooking Oil,Unknown,groceries,5.47,3,16.41,0,0.0,16.41,gift_card,eu-west-1,completed,4.8
144c8bfd-5e84-43ae-9799-d9fed0b655b8,CUST-0025,Harper Kelly,Philadelphia,2026-03-27,2026-03-27T09:39:22.269604+00:00,1,Essence Mascara Lash Princess,Essence,beauty,10.7,3,32.1,15,4.82,27.28,debit_card,ap-northeast-1,cancelled,2.56
f9203991-e27d-428b-9bb9-ad20820b8298,CUST-0002,Michael Williams,Houston,2026-03-27,2026-03-27T09:49:07.269604+00:00,15,Wooden Bathroom Sink With Mirror,Bath Trends,furniture,791.4,2,1582.8,0,0.0,1582.8,credit_card,us-west-2,completed,3.59
1c0007c6-6221-4c95-adfd-f91a14006414,CUST-0004,James Davis,Seattle,2026-03-27,2026-03-27T09:56:05.269604+00:00,14,Knoll Saarinen Executive Conference Chair,Knoll,furniture,535.78,1,535.78,15,80.37,455.41,paypal,us-west-2,completed,4.88
69006c37-6ddf-403b-b404-8670e285eac8,CUST-0005,Emma Miller,Jacksonville,2026-03-27,2026-03-27T10:13:45.269604+00:00,29,Juice,Unknown,groceries,4.13,3,12.39,0,0.0,12.39,gift_card,ap-northeast-1,completed,3.94
0be4c2c5-1622-4a94-880c-b841e157cf79,CUST-0003,Sophia Brown,Washington,2026-03-27,2026-03-27T10:59:34.269604+00:00,38,Rice,Unknown,groceries,6.14,4,24.56,0,0.0,24.56,gift_card,us-west-2,completed,3.18
3c8b988c-c881-4363-baf1-c8e1af711527,CUST-0016,Avery Perez,Columbus,2026-03-27,2026-03-27T11:15:14.269604+00:00,33,Mulberry,Unknown,groceries,5.32,1,5.32,0,0.0,5.32,buy_now_pay_later,us-west-2,completed,4.95
3ef79a21-da49-4100-aada-5b0eb11e121b,CUST-0008,Ava Taylor,Fort Worth,2026-03-27,2026-03-27T11:31:25.269604+00:00,11,Annibale Colombo Bed,Annibale Colombo,furniture,2063.79,1,2063.79,0,0.0,2063.79,gift_card,eu-west-1,completed,4.77
548bb388-ebcb-4f75-942e-f30fd47d4945,CUST-0006,Olivia Wilson,Fort Worth,2026-03-27,2026-03-27T11:33:36.269604+00:00,50,Black Whisk,Unknown,kitchen-accessories,9.34,1,9.34,10,0.93,8.41,buy_now_pay_later,us-west-2,completed,3.9
eeee282c-86cd-4c80-86ef-fb90e3bf4915,CUST-0011,Liam Garcia,Denver,2026-03-27,2026-03-27T11:53:46.269604+00:00,22,Dog Food,Unknown,groceries,10.76,3,32.28,20,6.46,25.82,gift_card,eu-west-1,completed,4.55
ca476432-0efd-4ee7-94ee-1c6184a07d3b,CUST-0023,Chloe Morales,Dallas,2026-03-27,2026-03-27T11:59:00.269604+00:00,17,Beef Steak,Unknown,groceries,13.1,2,26.2,0,0.0,26.2,paypal,ap-southeast-1,completed,4.47
0bb2a383-3e7b-408d-b785-413b3f0ef5e7,CUST-0011,Liam Garcia,Denver,2026-03-27,2026-03-27T12:04:28.269604+00:00,15,Wooden Bathroom Sink With Mirror,Bath Trends,furniture,824.39,1,824.39,5,41.22,783.17,debit_card,eu-west-1,completed,3.59
1189c0c5-4dc3-4c93-a3df-6e77337859c7,CUST-0010,Isabella Anderson,New York,2026-03-27,2026-03-27T12:06:41.269604+00:00,9,Dolce Shine Eau de,Dolce & Gabbana,fragrances,60.82,3,182.46,5,9.12,173.34,credit_card,us-west-2,completed,3.96
2eac7450-5562-449c-97ca-cb1a6f686a47,CUST-0014,Charlotte Lopez,Columbus,2026-03-27,2026-03-27T12:09:37.269604+00:00,33,Mulberry,Unknown,groceries,5.46,2,10.92,0,0.0,10.92,gift_card,us-east-1,completed,4.95
3a58613a-d151-4958-a41b-61f23d3cb31b,CUST-0028,Lily Lee,Phoenix,2026-03-27,2026-03-27T12:11:55.269604+00:00,10,Gucci Bloom Eau de,Gucci,fragrances,83.52,1,83.52,0,0.0,83.52,gift_card,ap-southeast-1,completed,2.74
677afda1-01de-4e86-a74d-98ab803a00ad,CUST-0029,Henry Hill,Indianapolis,2026-03-27,2026-03-27T12:12:39.269604+00:00,21,Cucumber,Unknown,groceries,1.47,1,1.47,15,0.22,1.25,gift_card,us-east-1,cancelled,4.07
36967e4a-5989-41c1-b54f-0d6e6d732eec,CUST-0007,Alexander Jones,Indianapolis,2026-03-27,2026-03-27T12:15:01.269604+00:00,23,Eggs,Unknown,groceries,3.37,2,6.74,25,1.69,5.05,buy_now_pay_later,eu-west-1,completed,2.53
00ec3fb8-ab9d-4c1a-a6c7-9e7253710aea,CUST-0009,Ethan Martinez,San Antonio,2026-03-27,2026-03-27T12:17:31.269604+00:00,24,Fish Steak,Unknown,groceries,13.35,2,26.7,20,5.34,21.36,paypal,us-west-2,completed,3.78
0563d132-6b1b-4f8c-b2e9-ff74f9aa3cf5,CUST-0001,Emily Johnson,Phoenix,2026-03-27,2026-03-27T12:19:55.269604+00:00,38,Rice,Unknown,groceries,5.22,1,5.22,0,0.0,5.22,buy_now_pay_later,ap-northeast-1,completed,3.18
45d3bf9b-aba5-46fe-b28c-c0f181b7eb81,CUST-0003,Sophia Brown,Washington,2026-03-27,2026-03-27T12:25:02.269604+00:00,7,Chanel Coco Noir Eau De,Chanel,fragrances,114.94,2,229.88,15,34.48,195.4,gift_card,eu-west-1,completed,4.26
b274c09e-107d-43a1-b01e-b210f5d4202a,CUST-0021,Madison Collins,Philadelphia,2026-03-27,2026-03-27T12:33:25.269604+00:00,35,Potatoes,Unknown,groceries,2.53,1,2.53,5,0.13,2.4,debit_card,ap-northeast-1,completed,4.81
f03246c7-cfcf-47f3-8471-d663c105470c,CUST-0005,Emma Miller,Jacksonville,2026-03-27,2026-03-27T13:09:32.269604+00:00,50,Black Whisk,Unknown,kitchen-accessories,9.47,3,28.41,0,0.0,28.41,credit_card,ap-southeast-1,completed,3.9
6319c9c6-f72b-486d-80c7-c18ff5b6f673,CUST-0030,Addison Wright,San Francisco,2026-03-27,2026-03-27T13:13:16.269604+00:00,5,Red Nail Polish,Nail Couture,beauty,8.46,1,8.46,0,0.0,8.46,buy_now_pay_later,us-west-2,completed,4.32
bee079b8-d675-470b-bcb0-ca2888d95fb3,CUST-0022,Elijah Stewart,Columbus,2026-03-27,2026-03-27T13:22:08.269604+00:00,21,Cucumber,Unknown,groceries,1.52,3,4.56,0,0.0,4.56,paypal,ap-southeast-1,cancelled,4.07
26dfb559-6fac-47c4-bf89-9be05954bd98,CUST-0028,Lily Lee,Phoenix,2026-03-27,2026-03-27T13:34:20.269604+00:00,18,Cat Food,Unknown,groceries,8.42,1,8.42,0,0.0,8.42,buy_now_pay_later,us-west-2,completed,3.13
5c35747a-5282-41b2-9c95-61b61a7fc91e,CUST-0028,Lily Lee,Phoenix,2026-03-27,2026-03-27T14:02:35.269604+00:00,16,Apple,Unknown,groceries,2.27,3,6.81,0,0.0,6.81,debit_card,ap-southeast-1,completed,4.19
d65e40a7-8720-40d3-8136-30ba7b7523b6,CUST-0001,Emily Johnson,Phoenix,2026-03-27,2026-03-27T14:11:35.269604+00:00,45,House Showpiece Plant,Unknown,home-decoration,41.07,1,41.07,0,0.0,41.07,gift_card,us-east-1,completed,4.67
cb7c411d-f8da-4f58-b6a5-4c5ce58d5d64,CUST-0015,William Gonzalez,San Jose,2026-03-27,2026-03-27T14:27:30.269604+00:00,35,Potatoes,Unknown,groceries,2.07,3,6.21,0,0.0,6.21,gift_card,eu-west-1,cancelled,4.81
709ec050-a50f-4d06-83aa-ca9e0ab9f40e,CUST-0007,Alexander Jones,Indianapolis,2026-03-27,2026-03-27T14:28:37.269604+00:00,21,Cucumber,Unknown,groceries,1.58,4,6.32,20,1.26,5.06,buy_now_pay_later,eu-west-1,completed,4.07
f6c8ec85-8955-44a2-ab9c-276b50ddd5fe,CUST-0014,Charlotte Lopez,Columbus,2026-03-27,2026-03-27T14:29:05.269604+00:00,38,Rice,Unknown,groceries,5.7,1,5.7,10,0.57,5.13,paypal,us-east-1,completed,3.18
f91de9f4-b59d-4b5f-903f-f8cfa41be569,CUST-0010,Isabella Anderson,New York,2026-03-27,2026-03-27T14:44:39.269604+00:00,9,Dolce Shine Eau de,Dolce & Gabbana,fragrances,65.04,3,195.12,25,48.78,146.34,paypal,us-west-2,returned,3.96
f989582f-1a5e-4244-b774-2482ae54ad6f,CUST-0021,Madison Collins,Philadelphia,2026-03-27,2026-03-27T14:47:46.269604+00:00,2,Eyeshadow Palette with Mirror,Glamour Beauty,beauty,17.48,4,69.92,15,10.49,59.43,buy_now_pay_later,ap-southeast-1,completed,2.86
3bdf8340-ef20-4762-b6b6-7dea21fa59b4,CUST-0008,Ava Taylor,Fort Worth,2026-03-27,2026-03-27T14:58:24.269604+00:00,28,Ice Cream,Unknown,groceries,5.73,1,5.73,0,0.0,5.73,buy_now_pay_later,ap-southeast-1,completed,3.39
0dd90742-8cb8-436d-8798-ddf8aba2f161,CUST-0006,Olivia Wilson,Fort Worth,2026-03-27,2026-03-27T15:06:40.269604+00:00,44,Family Tree Photo Frame,Unknown,home-decoration,34.33,1,34.33,5,1.72,32.61,debit_card,us-west-2,completed,4.53
04924b4a-3a7b-494d-85be-bc2ed1722949,CUST-0003,Sophia Brown,Washington,2026-03-27,2026-03-27T15:10:27.269604+00:00,4,Red Lipstick,Chic Cosmetics,beauty,12.59,1,12.59,0,0.0,12.59,buy_now_pay_later,us-east-1,completed,4.36
0e7b3498-d240-4423-898a-b1c6c4eef8e4,CUST-0022,Elijah Stewart,Columbus,2026-03-27,2026-03-27T15:12:24.269604+00:00,31,Lemon,Unknown,groceries,0.7,1,0.7,25,0.17,0.53,gift_card,ap-southeast-1,completed,3.53
92b15609-ad24-4f09-bfe3-a904333c670e,CUST-0011,Liam Garcia,Denver,2026-03-27,2026-03-27T15:19:33.269604+00:00,18,Cat Food,Unknown,groceries,7.82,4,31.28,15,4.69,26.59,gift_card,ap-southeast-1,cancelled,3.13
89033250-8b5d-4c65-b03a-ca8ff0db44ae,CUST-0004,James Davis,Seattle,2026-03-27,2026-03-27T15:19:49.269604+00:00,9,Dolce Shine Eau de,Dolce & Gabbana,fragrances,69.67,1,69.67,25,17.42,52.25,gift_card,ap-southeast-1,completed,3.96
ee7becfc-1f0d-4eef-8f87-505b924e63c6,CUST-0025,Harper Kelly,Philadelphia,2026-03-27,2026-03-27T15:21:53.269604+00:00,33,Mulberry,Unknown,groceries,5.19,3,15.57,15,2.34,13.23,credit_card,ap-northeast-1,completed,4.95
e5bc652e-be79-4ab6-9cf0-882295374e22,CUST-0024,Mateo Nguyen,Columbus,2026-03-27,2026-03-27T15:27:02.269604+00:00,37,Red Onions,Unknown,groceries,1.7,2,3.4,5,0.17,3.23,debit_card,ap-southeast-1,completed,4.2
fe1b12be-1eb3-409c-9ead-9fe16ed12794,CUST-0018,Logan Torres,Columbus,2026-03-27,2026-03-27T15:28:46.269604+00:00,30,Kiwi,Unknown,groceries,2.58,2,5.16,0,0.0,5.16,buy_now_pay_later,eu-west-1,completed,4.93
fb205601-a708-42f6-bca3-0dcd42f359ff,CUST-0022,Elijah Stewart,Columbus,2026-03-27,2026-03-27T15:29:08.269604+00:00,50,Black Whisk,Unknown,kitchen-accessories,10.1,1,10.1,0,0.0,10.1,gift_card,us-east-1,completed,3.9
54411371-221b-43ab-827d-a0c59eb4a778,CUST-0011,Liam Garcia,Denver,2026-03-27,2026-03-27T15:30:07.269604+00:00,48,Bamboo Spatula,Unknown,kitchen-accessories,8.42,1,8.42,20,1.68,6.74,credit_card,ap-northeast-1,completed,3.27
4a3784b8-d1df-455f-b97d-2e335e979b6f,CUST-0008,Ava Taylor,Fort Worth,2026-03-27,2026-03-27T15:32:15.269604+00:00,11,Annibale Colombo Bed,Annibale Colombo,furniture,1852.07,2,3704.14,0,0.0,3704.14,paypal,eu-west-1,completed,4.77
330fb35f-3d91-404f-b05b-ecf950be5a73,CUST-0004,James Davis,Seattle,2026-03-27,2026-03-27T15:51:33.269604+00:00,43,Decoration Swing,Unknown,home-decoration,53.13,1,53.13,25,13.28,39.85,buy_now_pay_later,ap-southeast-1,completed,3.16
ee97a114-ae21-442c-bc8f-cac5afa9a48f,CUST-0015,William Gonzalez,San Jose,2026-03-27,2026-03-27T15:53:31.269604+00:00,25,Green Bell Pepper,Unknown,groceries,1.45,1,1.45,0,0.0,1.45,buy_now_pay_later,eu-west-1,cancelled,3.25
1670e151-1a0f-43a6-ae27-3a4363549168,CUST-0003,Sophia Brown,Washington,2026-03-27,2026-03-27T16:16:45.269604+00:00,40,Strawberry,Unknown,groceries,3.71,1,3.71,0,0.0,3.71,buy_now_pay_later,us-east-1,completed,3.08
149a0634-53e7-4d25-8819-0fcdb3002dcb,CUST-0027,Daniel Cook,Los Angeles,2026-03-27,2026-03-27T16:32:55.269604+00:00,13,Bedside Table African Cherry,Furniture Co.,furniture,258.06,2,516.12,0,0.0,516.12,buy_now_pay_later,us-east-1,completed,2.87
5ee8514c-1771-48e1-9671-9bf62f6d307d,CUST-0027,Daniel Cook,Los Angeles,2026-03-27,2026-03-27T17:00:39.269604+00:00,27,Honey Jar,Unknown,groceries,7.41,4,29.64,10,2.96,26.68,debit_card,ap-northeast-1,cancelled,3.97
12dc138a-6f04-43e8-a47d-dd7884374367,CUST-0012,Mia Rodriguez,Jacksonville,2026-03-27,2026-03-27T17:18:12.269604+00:00,1,Essence Mascara Lash Princess,Essence,beauty,9.72,2,19.44,20,3.89,15.55,paypal,eu-west-1,completed,2.56
ba040ad3-dfc4-4c3f-83e2-a4e5dffd26c4,CUST-0013,Noah Hernandez,New York,2026-03-27,2026-03-27T17:35:05.269604+00:00,38,Rice,Unknown,groceries,6.64,1,6.64,0,0.0,6.64,debit_card,eu-west-1,completed,3.18
8c1a0312-d145-4990-abdd-62ed6b52f976,CUST-0029,Henry Hill,Indianapolis,2026-03-27,2026-03-27T17:39:59.269604+00:00,7,Chanel Coco Noir Eau De,Chanel,fragrances,119.74,1,119.74,0,0.0,119.74,credit_card,ap-southeast-1,completed,4.26
2d752e40-7eb0-45af-a8d3-94c239fb6611,CUST-0028,Lily Lee,Phoenix,2026-03-27,2026-03-27T17:52:01.269604+00:00,2,Eyeshadow Palette with Mirror,Glamour Beauty,beauty,19.31,1,19.31,15,2.9,16.41,debit_card,us-west-2,completed,2.86
9213dbf4-5168-4394-a4f7-1de849ee3c0a,CUST-0003,Sophia Brown,Washington,2026-03-27,2026-03-27T18:04:51.269604+00:00,4,Red Lipstick,Chic Cosmetics,beauty,13.67,5,68.35,5,3.42,64.93,gift_card,eu-west-1,completed,4.36
12cc92f0-4cce-4dc5-8a7d-0dc819d7d544,CUST-0013,Noah Hernandez,New York,2026-03-27,2026-03-27T18:04:59.269604+00:00,18,Cat Food,Unknown,groceries,8.97,5,44.85,10,4.49,40.36,buy_now_pay_later,us-west-2,completed,3.13
cd6309cd-2b3b-48d6-95d1-d747e99c571b,CUST-0014,Charlotte Lopez,Columbus,2026-03-27,2026-03-27T18:13:03.269604+00:00,15,Wooden Bathroom Sink With Mirror,Bath Trends,furniture,687.73,3,2063.19,0,0.0,2063.19,debit_card,us-west-2,completed,3.59
037bba68-58ab-4b33-89cc-fb5c8a97d318,CUST-0013,Noah Hernandez,New York,2026-03-27,2026-03-27T18:19:04.269604+00:00,38,Rice,Unknown,groceries,6.27,3,18.81,10,1.88,16.93,buy_now_pay_later,ap-southeast-1,completed,3.18
35ecbdbf-01db-4462-9f7b-fa5a2fb87116,CUST-0018,Logan Torres,Columbus,2026-03-27,2026-03-27T18:39:59.269604+00:00,3,Powder Canister,Velvet Touch,beauty,16.37,1,16.37,0,0.0,16.37,gift_card,eu-west-1,returned,4.64
30ed74c5-4079-4303-8067-06ea288ee0ba,CUST-0008,Ava Taylor,Fort Worth,2026-03-27,2026-03-27T18:43:55.269604+00:00,32,Milk,Unknown,groceries,3.34,1,3.34,0,0.0,3.34,debit_card,us-west-2,completed,2.61
c91b1302-1279-4c2c-8219-5dd389b26029,CUST-0004,James Davis,Seattle,2026-03-27,2026-03-27T18:46:46.269604+00:00,28,Ice Cream,Unknown,groceries,5.94,4,23.76,20,4.75,19.01,debit_card,us-west-2,completed,3.39
0547c046-48b7-40b2-aabf-269ef918d0d0,CUST-0010,Isabella Anderson,New York,2026-03-27,2026-03-27T18:49:30.269604+00:00,43,Decoration Swing,Unknown,home-decoration,62.38,1,62.38,0,0.0,62.38,debit_card,us-west-2,cancelled,3.16
2c3714c2-b06b-446d-8e15-e29716ddcd5b,CUST-0008,Ava Taylor,Fort Worth,2026-03-27,2026-03-27T19:01:48.269604+00:00,27,Honey Jar,Unknown,groceries,6.25,1,6.25,10,0.62,5.63,paypal,us-west-2,completed,3.97
9577806e-af9d-485d-b41a-b2c0db289aa4,CUST-0025,Harper Kelly,Philadelphia,2026-03-27,2026-03-27T19:05:58.269604+00:00,25,Green Bell Pepper,Unknown,groceries,1.14,1,1.14,15,0.17,0.97,debit_card,ap-southeast-1,cancelled,3.25
8e65f9ed-909d-41a2-89de-bd59fd33d567,CUST-0020,Jackson Evans,New York,2026-03-27,2026-03-27T19:07:48.269604+00:00,6,Calvin Klein CK One,Calvin Klein,fragrances,57.4,1,57.4,0,0.0,57.4,buy_now_pay_later,ap-southeast-1,returned,4.37
8a79d191-676e-4ae6-969f-86a509771985,CUST-0023,Chloe Morales,Dallas,2026-03-27,2026-03-27T19:23:18.269604+00:00,48,Bamboo Spatula,Unknown,kitchen-accessories,8.74,1,8.74,25,2.19,6.55,paypal,us-west-2,completed,3.27
485644df-40d5-4abf-98b7-8bb59caca9c7,CUST-0022,Elijah Stewart,Columbus,2026-03-27,2026-03-27T19:38:13.269604+00:00,47,Table Lamp,Unknown,home-decoration,48.22,4,192.88,15,28.93,163.95,gift_card,us-west-2,cancelled,3.55
88e01945-810d-4ee8-9109-cfe3652e27c3,CUST-0004,James Davis,Seattle,2026-03-27,2026-03-27T19:47:28.269604+00:00,20,Cooking Oil,Unknown,groceries,4.71,3,14.13,25,3.53,10.6,debit_card,eu-west-1,cancelled,4.8
9283981e-bb65-4b5b-9dde-38e2d50ada8c,CUST-0010,Isabella Anderson,New York,2026-03-27,2026-03-27T20:11:55.269604+00:00,7,Chanel Coco Noir Eau De,Chanel,fragrances,120.73,1,120.73,20,24.15,96.58,debit_card,eu-west-1,completed,4.26
05833a2c-ef91-4064-b0d7-9789abfdcc97,CUST-0019,Abigail Rivera,Chicago,2026-03-27,2026-03-27T20:39:06.269604+00:00,9,Dolce Shine Eau de,Dolce & Gabbana,fragrances,63.37,3,190.11,15,28.52,161.59,buy_now_pay_later,us-west-2,returned,3.96
33b0be09-317d-4ad4-a9a2-7fedfd468136,CUST-0024,Mateo Nguyen,Columbus,2026-03-27,2026-03-27T21:15:21.269604+00:00,30,Kiwi,Unknown,groceries,2.82,3,8.46,10,0.85,7.61,credit_card,us-east-1,completed,4.93
d41e70b4-b6ae-4fb5-8a85-04c85f4e4818,CUST-0022,Elijah Stewart,Columbus,2026-03-27,2026-03-27T21:23:00.269604+00:00,15,Wooden Bathroom Sink With Mirror,Bath Trends,furniture,749.14,1,749.14,5,37.46,711.68,paypal,ap-northeast-1,completed,3.59
e6922e10-320a-446c-9657-0af135c2a966,CUST-0011,Liam Garcia,Denver,2026-03-27,2026-03-27T21:41:54.269604+00:00,3,Powder Canister,Velvet Touch,beauty,15.21,4,60.84,25,15.21,45.63,credit_card,us-east-1,completed,4.64
e6ff7059-f154-41d4-be92-09d58b775b4c,CUST-0010,Isabella Anderson,New York,2026-03-27,2026-03-27T21:45:38.269604+00:00,11,Annibale Colombo Bed,Annibale Colombo,furniture,1960.27,1,1960.27,0,0.0,1960.27,debit_card,ap-northeast-1,completed,4.77
e70a2d16-0788-4006-9453-e59a45263f18,CUST-0003,Sophia Brown,Washington,2026-03-27,2026-03-27T21:46:32.269604+00:00,21,Cucumber,Unknown,groceries,1.55,3,4.65,5,0.23,4.42,paypal,us-west-2,returned,4.07
68f4ac75-128c-467a-a675-7f7ce8882b9d,CUST-0003,Sophia Brown,Washington,2026-03-27,2026-03-27T21:55:47.269604+00:00,12,Annibale Colombo Sofa,Annibale Colombo,furniture,2243.53,1,2243.53,10,224.35,2019.18,gift_card,ap-northeast-1,completed,3.92
ca4c9c6b-a582-401f-a8ae-824137cc71aa,CUST-0013,Noah Hernandez,New York,2026-03-27,2026-03-27T21:59:39.269604+00:00,9,Dolce Shine Eau de,Dolce & Gabbana,fragrances,69.52,4,278.08,0,0.0,278.08,gift_card,eu-west-1,completed,3.96
546a857b-51eb-4da7-a2e2-266979e37266,CUST-0026,Evelyn Gonzalez,Dallas,2026-03-27,2026-03-27T22:04:37.269604+00:00,37,Red Onions,Unknown,groceries,2.1,3,6.3,25,1.57,4.73,buy_now_pay_later,ap-southeast-1,completed,4.2
346bf6b8-16ff-4e0c-a992-5d6f1c2ac531,CUST-0023,Chloe Morales,Dallas,2026-03-27,2026-03-27T22:57:03.269604+00:00,36,Protein Powder,Unknown,groceries,21.57,1,21.57,0,0.0,21.57,buy_now_pay_later,ap-southeast-1,completed,4.18
0a616913-9500-4892-ab06-615943ffb331,CUST-0021,Madison Collins,Philadelphia,2026-03-27,2026-03-27T23:04:45.269604+00:00,49,Black Aluminium Cup,Unknown,kitchen-accessories,5.54,2,11.08,10,1.11,9.97,paypal,ap-southeast-1,completed,4.46
53297889-3d9d-47e8-ad48-831b3d13ce71,CUST-0019,Abigail Rivera,Chicago,2026-03-27,2026-03-27T23:05:23.269604+00:00,36,Protein Powder,Unknown,groceries,21.17,1,21.17,15,3.18,17.99,debit_card,us-east-1,cancelled,4.18
b8faef8d-1494-42a4-8d6e-3b7da73ff823,CUST-0020,Jackson Evans,New York,2026-03-27,2026-03-27T23:05:39.269604+00:00,29,Juice,Unknown,groceries,4.45,1,4.45,0,0.0,4.45,debit_card,eu-west-1,cancelled,3.94
31266857-aac1-4087-baa1-8b6a158e1516,CUST-0002,Michael Williams,Houston,2026-03-27,2026-03-27T23:06:25.269604+00:00,39,Soft Drinks,Unknown,groceries,2.0,2,4.0,0,0.0,4.0,gift_card,ap-southeast-1,cancelled,4.75
a9c15e34-fe48-408f-8a1c-af9390885735,CUST-0002,Michael Williams,Houston,2026-03-27,2026-03-27T23:33:10.269604+00:00,8,Dior J'adore,Dior,fragrances,101.57,3,304.71,0,0.0,304.71,buy_now_pay_later,us-east-1,completed,3.8
4bb6628a-0c4d-4233-b9cd-f3068d646884,CUST-0008,Ava Taylor,Fort Worth,2026-03-27,2026-03-27T23:38:05.269604+00:00,50,Black Whisk,Unknown,kitchen-accessories,10.24,1,10.24,0,0.0,10.24,paypal,ap-northeast-1,completed,3.9
85fec1ef-c71a-4396-b210-116554e5ee83,CUST-0015,William Gonzalez,San Jose,2026-03-27,2026-03-27T23:49:20.269604+00:00,18,Cat Food,Unknown,groceries,9.81,1,9.81,15,1.47,8.34,buy_now_pay_later,us-west-2,completed,3.13
f1fb4df8-36d5-416c-bef7-799e33986157,CUST-0027,Daniel Cook,Los Angeles,2026-03-27,2026-03-27T23:56:19.269604+00:00,41,Tissue Paper Box,Unknown,groceries,2.66,3,7.98,0,0.0,7.98,credit_card,ap-northeast-1,completed,2.69
a35cadb9-13a3-42de-9ebf-9941c06e69b9,CUST-0013,Noah Hernandez,New York,2026-03-28,2026-03-28T00:07:53.269604+00:00,30,Kiwi,Unknown,groceries,2.8,2,5.6,0,0.0,5.6,paypal,us-west-2,completed,4.93
54a0640a-ff6d-48f6-8f37-9548da3a952f,CUST-0016,Avery Perez,Columbus,2026-03-28,2026-03-28T00:23:08.269604+00:00,46,Plant Pot,Unknown,home-decoration,14.05,2,28.1,0,0.0,28.1,gift_card,ap-northeast-1,completed,3.01
5254fccd-4914-4657-932e-399c1fc1d660,CUST-0022,Elijah Stewart,Columbus,2026-03-28,2026-03-28T00:31:50.269604+00:00,28,Ice Cream,Unknown,groceries,5.23,1,5.23,0,0.0,5.23,debit_card,us-west-2,completed,3.39
72d4c14a-84f0-4b31-9b1b-f2e6c5bf0441,CUST-0022,Elijah Stewart,Columbus,2026-03-28,2026-03-28T00:53:12.269604+00:00,18,Cat Food,Unknown,groceries,8.65,3,25.95,0,0.0,25.95,debit_card,ap-northeast-1,cancelled,3.13
3742d17c-1da9-473f-bb24-d426e51a292b,CUST-0002,Michael Williams,Houston,2026-03-28,2026-03-28T00:59:02.269604+00:00,14,Knoll Saarinen Executive Conference Chair,Knoll,furniture,561.23,1,561.23,5,28.06,533.17,paypal,ap-southeast-1,completed,4.88
7dada104-ca74-4f21-98f4-a09ac7afcae5,CUST-0017,Evelyn Sanchez,San Diego,2026-03-28,2026-03-28T01:07:05.269604+00:00,26,Green Chili Pepper,Unknown,groceries,1.04,1,1.04,15,0.16,0.88,debit_card,us-east-1,cancelled,3.66
bb241ad4-2934-4af2-8af2-9dd5f0dcfca4,CUST-0004,James Davis,Seattle,2026-03-28,2026-03-28T01:36:05.269604+00:00,43,Decoration Swing,Unknown,home-decoration,62.69,1,62.69,10,6.27,56.42,debit_card,us-east-1,completed,3.16
c4417073-5e8e-4a10-a41b-da21f6439c97,CUST-0014,Charlotte Lopez,Columbus,2026-03-28,2026-03-28T01:41:55.269604+00:00,25,Green Bell Pepper,Unknown,groceries,1.35,2,2.7,0,0.0,2.7,paypal,ap-southeast-1,completed,3.25
22309489-2bc5-4317-8d07-beea8819f73f,CUST-0017,Evelyn Sanchez,San Diego,2026-03-28,2026-03-28T01:51:04.269604+00:00,7,Chanel Coco Noir Eau De,Chanel,fragrances,138.77,2,277.54,0,0.0,277.54,buy_now_pay_later,us-west-2,completed,4.26
cbdb32f2-0c4b-417e-9757-9e802763c6b7,CUST-0007,Alexander Jones,Indianapolis,2026-03-28,2026-03-28T02:07:22.269604+00:00,16,Apple,Unknown,groceries,2.13,3,6.39,0,0.0,6.39,buy_now_pay_later,eu-west-1,completed,4.19
b40e1001-d4b5-48a3-b8fd-49422f03b8e8,CUST-0014,Charlotte Lopez,Columbus,2026-03-28,2026-03-28T02:14:24.269604+00:00,29,Juice,Unknown,groceries,4.52,5,22.6,0,0.0,22.6,gift_card,eu-west-1,cancelled,3.94
9061cd9c-f3a0-42b7-9b9e-94fda9ea86b7,CUST-0024,Mateo Nguyen,Columbus,2026-03-28,2026-03-28T02:36:08.269604+00:00,27,Honey Jar,Unknown,groceries,7.95,5,39.75,0,0.0,39.75,debit_card,ap-northeast-1,returned,3.97
0106c08f-bf5a-4e51-99d8-47a89a52a8f6,CUST-0006,Olivia Wilson,Fort Worth,2026-03-28,2026-03-28T02:46:02.269604+00:00,30,Kiwi,Unknown,groceries,2.65,1,2.65,0,0.0,2.65,buy_now_pay_later,us-east-1,completed,4.93
0e6d03c9-9330-4d08-9e32-027efdaa7065,CUST-0020,Jackson Evans,New York,2026-03-28,2026-03-28T03:00:36.269604+00:00,42,Water,Unknown,groceries,1.09,1,1.09,0,0.0,1.09,debit_card,us-east-1,completed,4.96
f7cf6fc5-d52e-4b04-b17a-1633a71a5498,CUST-0019,Abigail Rivera,Chicago,2026-03-28,2026-03-28T03:11:46.269604+00:00,33,Mulberry,Unknown,groceries,4.88,1,4.88,20,0.98,3.9,paypal,eu-west-1,cancelled,4.95
c245cac2-358e-42dd-a7de-7ac48df28724,CUST-0014,Charlotte Lopez,Columbus,2026-03-28,2026-03-28T03:27:57.269604+00:00,14,Knoll Saarinen Executive Conference Chair,Knoll,furniture,446.63,1,446.63,0,0.0,446.63,buy_now_pay_later,us-east-1,completed,4.88
576c4f99-ab4b-4974-b782-3d22794f4dd0,CUST-0005,Emma Miller,Jacksonville,2026-03-28,2026-03-28T03:31:39.269604+00:00,38,Rice,Unknown,groceries,6.54,4,26.16,25,6.54,19.62,gift_card,us-west-2,returned,3.18
2c3d422a-4fae-4ff9-b6b3-97168d910b38,CUST-0028,Lily Lee,Phoenix,2026-03-28,2026-03-28T04:30:57.269604+00:00,39,Soft Drinks,Unknown,groceries,2.14,2,4.28,15,0.64,3.64,gift_card,us-east-1,completed,4.75
b1ec010f-3df0-4fce-8e06-41836f62b6e8,CUST-0006,Olivia Wilson,Fort Worth,2026-03-28,2026-03-28T04:37:02.269604+00:00,38,Rice,Unknown,groceries,5.38,2,10.76,0,0.0,10.76,debit_card,ap-northeast-1,completed,3.18
d2eb305b-c033-4f06-88bb-705da36c7ae9,CUST-0006,Olivia Wilson,Fort Worth,2026-03-28,2026-03-28T04:44:02.269604+00:00,29,Juice,Unknown,groceries,3.6,3,10.8,15,1.62,9.18,credit_card,eu-west-1,completed,3.94
95a21017-0399-4a40-bed7-755b023b0373,CUST-0026,Evelyn Gonzalez,Dallas,2026-03-28,2026-03-28T05:07:35.269604+00:00,30,Kiwi,Unknown,groceries,2.34,1,2.34,0,0.0,2.34,debit_card,ap-southeast-1,completed,4.93
1a614ee9-25b4-4fa9-8283-b605faf238e5,CUST-0012,Mia Rodriguez,Jacksonville,2026-03-28,2026-03-28T05:17:14.269604+00:00,23,Eggs,Unknown,groceries,2.74,3,8.22,0,0.0,8.22,buy_now_pay_later,eu-west-1,completed,2.53
6efdd2db-f90c-4893-950e-97c59993ea4b,CUST-0011,Liam Garcia,Denver,2026-03-28,2026-03-28T05:20:50.269604+00:00,39,Soft Drinks,Unknown,groceries,1.72,1,1.72,20,0.34,1.38,debit_card,eu-west-1,completed,4.75
ce11f011-ad08-4843-9e33-5b142d2bfda0,CUST-0008,Ava Taylor,Fort Worth,2026-03-28,2026-03-28T05:59:32.269604+00:00,16,Apple,Unknown,groceries,1.79,2,3.58,0,0.0,3.58,credit_card,ap-southeast-1,completed,4.19
cad8c351-1a30-455a-8781-9bdd017705fa,CUST-0010,Isabella Anderson,New York,2026-03-28,2026-03-28T06:05:59.269604+00:00,39,Soft Drinks,Unknown,groceries,2.24,2,4.48,0,0.0,4.48,buy_now_pay_later,eu-west-1,completed,4.75
4464f722-4aee-4681-a550-4b3108b8cb4a,CUST-0027,Daniel Cook,Los Angeles,2026-03-28,2026-03-28T06:06:00.269604+00:00,27,Honey Jar,Unknown,groceries,7.95,2,15.9,0,0.0,15.9,debit_card,eu-west-1,cancelled,3.97
9c7e9acf-f164-4173-9501-6875e1979a29,CUST-0013,Noah Hernandez,New York,2026-03-28,2026-03-28T06:06:43.269604+00:00,31,Lemon,Unknown,groceries,0.78,3,2.34,10,0.23,2.11,gift_card,ap-northeast-1,completed,3.53
f7863164-8697-4663-884c-794224fdef25,CUST-0028,Lily Lee,Phoenix,2026-03-28,2026-03-28T06:12:00.269604+00:00,44,Family Tree Photo Frame,Unknown,home-decoration,30.23,2,60.46,10,6.05,54.41,buy_now_pay_later,ap-southeast-1,completed,4.53
9f02f61c-044d-460d-858b-02b9265b0802,CUST-0020,Jackson Evans,New York,2026-03-28,2026-03-28T06:13:08.269604+00:00,18,Cat Food,Unknown,groceries,9.66,4,38.64,0,0.0,38.64,buy_now_pay_later,eu-west-1,completed,3.13
4e6b003a-89ed-4f26-915a-b7fd2714984f,CUST-0021,Madison Collins,Philadelphia,2026-03-28,2026-03-28T06:23:41.269604+00:00,22,Dog Food,Unknown,groceries,11.14,2,22.28,25,5.57,16.71,buy_now_pay_later,ap-southeast-1,cancelled,4.55
d9e9b974-9664-47e3-a5b1-f903f6b933de,CUST-0007,Alexander Jones,Indianapolis,2026-03-28,2026-03-28T06:28:39.269604+00:00,40,Strawberry,Unknown,groceries,4.54,1,4.54,0,0.0,4.54,credit_card,us-west-2,cancelled,3.08
19be6ea2-9a02-4492-bf17-ca1972b8a932,CUST-0019,Abigail Rivera,Chicago,2026-03-28,2026-03-28T06:42:59.269604+00:00,22,Dog Food,Unknown,groceries,12.44,1,12.44,0,0.0,12.44,credit_card,us-east-1,completed,4.55
59fff1f5-cf53-45ec-a9d9-b69f35864a18,CUST-0005,Emma Miller,Jacksonville,2026-03-28,2026-03-28T06:45:53.269604+00:00,43,Decoration Swing,Unknown,home-decoration,65.46,1,65.46,0,0.0,65.46,debit_card,us-east-1,returned,3.16
f0194fef-b716-4854-908d-838a02a02380,CUST-0007,Alexander Jones,Indianapolis,2026-03-28,2026-03-28T07:09:24.269604+00:00,30,Kiwi,Unknown,groceries,2.59,1,2.59,0,0.0,2.59,credit_card,ap-northeast-1,completed,4.93
dff2af95-07d5-46b0-85d7-5253684d90ed,CUST-0012,Mia Rodriguez,Jacksonville,2026-03-28,2026-03-28T07:16:03.269604+00:00,45,House Showpiece Plant,Unknown,home-decoration,36.51,2,73.02,0,0.0,73.02,buy_now_pay_later,ap-southeast-1,completed,4.67
a678bc7e-5f42-4aa6-8cd9-6b684540d7af,CUST-0027,Daniel Cook,Los Angeles,2026-03-28,2026-03-28T07:37:05.269604+00:00,29,Juice,Unknown,groceries,3.44,1,3.44,0,0.0,3.44,buy_now_pay_later,us-east-1,completed,3.94
8415688e-41e6-4c97-95d1-fab2c06536d9,CUST-0013,Noah Hernandez,New York,2026-03-28,2026-03-28T08:01:18.269604+00:00,41,Tissue Paper Box,Unknown,groceries,2.24,2,4.48,0,0.0,4.48,buy_now_pay_later,us-west-2,completed,2.69
7cddfe12-5ed8-4d3f-82e2-c022e34a8a4a,CUST-0013,Noah Hernandez,New York,2026-03-28,2026-03-28T08:24:02.269604+00:00,21,Cucumber,Unknown,groceries,1.56,2,3.12,15,0.47,2.65,gift_card,eu-west-1,cancelled,4.07
7b4f7a9a-dbfc-4ace-bc28-19fe42264c17,CUST-0007,Alexander Jones,Indianapolis,2026-03-28,2026-03-28T08:24:37.269604+00:00,43,Decoration Swing,Unknown,home-decoration,60.47,1,60.47,0,0.0,60.47,credit_card,ap-southeast-1,completed,3.16
908ad3ce-dc44-49f0-ad61-09a1d6fd3748,CUST-0022,Elijah Stewart,Columbus,2026-03-28,2026-03-28T08:34:49.269604+00:00,41,Tissue Paper Box,Unknown,groceries,2.3,3,6.9,15,1.03,5.87,paypal,ap-northeast-1,cancelled,2.69
6044edb3-44ec-41f1-bde1-ba1affda63bf,CUST-0003,Sophia Brown,Washington,2026-03-28,2026-03-28T08:38:58.269604+00:00,4,Red Lipstick,Chic Cosmetics,beauty,11.65,3,34.95,0,0.0,34.95,gift_card,ap-southeast-1,cancelled,4.36
14ca0fdd-9be2-47bd-814f-857c86082464,CUST-0028,Lily Lee,Phoenix,2026-03-28,2026-03-28T08:47:29.269604+00:00,7,Chanel Coco Noir Eau De,Chanel,fragrances,146.28,2,292.56,0,0.0,292.56,paypal,eu-west-1,completed,4.26
ea7a0d9c-9bb9-4a44-8fbd-aeff16983797,CUST-0006,Olivia Wilson,Fort Worth,2026-03-28,2026-03-28T09:05:47.269604+00:00,21,Cucumber,Unknown,groceries,1.61,2,3.22,0,0.0,3.22,credit_card,us-east-1,completed,4.07
7adee506-ed41-46db-b8e8-9c2c8c71d7ec,CUST-0007,Alexander Jones,Indianapolis,2026-03-28,2026-03-28T09:11:44.269604+00:00,4,Red Lipstick,Chic Cosmetics,beauty,12.01,1,12.01,0,0.0,12.01,paypal,ap-southeast-1,cancelled,4.36
a6db59ca-14bb-488a-9f38-9b0af1452308,CUST-0006,Olivia Wilson,Fort Worth,2026-03-28,2026-03-28T09:12:28.269604+00:00,13,Bedside Table African Cherry,Furniture Co.,furniture,344.6,4,1378.4,20,275.68,1102.72,credit_card,eu-west-1,completed,2.87
4245afb0-83ca-4aab-a37f-3c0dd4946f3d,CUST-0002,Michael Williams,Houston,2026-03-28,2026-03-28T09:27:02.269604+00:00,6,Calvin Klein CK One,Calvin Klein,fragrances,50.97,3,152.91,0,0.0,152.91,debit_card,ap-northeast-1,completed,4.37
24d87808-be73-4b22-a1c9-8b2750573370,CUST-0023,Chloe Morales,Dallas,2026-03-28,2026-03-28T09:36:13.269604+00:00,1,Essence Mascara Lash Princess,Essence,beauty,9.16,2,18.32,0,0.0,18.32,gift_card,ap-southeast-1,cancelled,2.56
c343b995-f633-4c10-82e1-cfca0cc1a80e,CUST-0014,Charlotte Lopez,Columbus,2026-03-28,2026-03-28T09:46:24.269604+00:00,18,Cat Food,Unknown,groceries,8.45,1,8.45,0,0.0,8.45,gift_card,eu-west-1,completed,3.13
98389248-f287-4985-a42d-b3b8061cdff6,CUST-0027,Daniel Cook,Los Angeles,2026-03-28,2026-03-28T09:55:57.269604+00:00,47,Table Lamp,Unknown,home-decoration,54.94,4,219.76,0,0.0,219.76,debit_card,ap-northeast-1,completed,3.55
8d87ec66-1903-49de-83a7-d7285f4a3816,CUST-0028,Lily Lee,Phoenix,2026-03-28,2026-03-28T10:02:32.269604+00:00,31,Lemon,Unknown,groceries,0.69,5,3.45,20,0.69,2.76,paypal,eu-west-1,completed,3.53
80808f20-396e-4dc0-9bf3-31bf641c219c,CUST-0004,James Davis,Seattle,2026-03-28,2026-03-28T10:08:21.269604+00:00,12,Annibale Colombo Sofa,Annibale Colombo,furniture,2493.9,2,4987.8,0,0.0,4987.8,gift_card,us-east-1,completed,3.92
d33d1422-6e00-46dd-a4d9-3271e05a73b5,CUST-0019,Abigail Rivera,Chicago,2026-03-28,2026-03-28T10:25:22.269604+00:00,46,Plant Pot,Unknown,home-decoration,15.66,2,31.32,0,0.0,31.32,credit_card,us-west-2,completed,3.01
3a6a4326-7196-47f9-9c59-8b35dd764d51,CUST-0007,Alexander Jones,Indianapolis,2026-03-28,2026-03-28T10:28:03.269604+00:00,29,Juice,Unknown,groceries,4.1,1,4.1,25,1.02,3.08,credit_card,ap-northeast-1,completed,3.94
6182e8be-03ff-4a4d-9983-d23d25f39e62,CUST-0005,Emma Miller,Jacksonville,2026-03-28,2026-03-28T11:05:01.269604+00:00,2,Eyeshadow Palette with Mirror,Glamour Beauty,beauty,18.24,2,36.48,0,0.0,36.48,credit_card,eu-west-1,completed,2.86
e029115e-9568-42b6-a8c8-c76c1ecfe704,CUST-0020,Jackson Evans,New York,2026-03-28,2026-03-28T11:13:58.269604+00:00,33,Mulberry,Unknown,groceries,4.36,3,13.08,0,0.0,13.08,paypal,eu-west-1,completed,4.95
c3b5a18a-276d-4532-8493-477a11b4a920,CUST-0026,Evelyn Gonzalez,Dallas,2026-03-28,2026-03-28T11:28:23.269604+00:00,48,Bamboo Spatula,Unknown,kitchen-accessories,7.11,1,7.11,15,1.07,6.04,debit_card,us-east-1,completed,3.27
8257d2e3-c8cf-497d-9a73-a62d8956db2d,CUST-0004,James Davis,Seattle,2026-03-28,2026-03-28T11:35:35.269604+00:00,36,Protein Powder,Unknown,groceries,22.8,1,22.8,10,2.28,20.52,credit_card,us-west-2,completed,4.18
db210885-0e29-41ec-9804-c116564a71e5,CUST-0020,Jackson Evans,New York,2026-03-28,2026-03-28T11:43:46.269604+00:00,1,Essence Mascara Lash Princess,Essence,beauty,10.02,2,20.04,0,0.0,20.04,paypal,us-east-1,completed,2.56
0f360d72-2b40-454e-9b3b-538ff034d67e,CUST-0024,Mateo Nguyen,Columbus,2026-03-28,2026-03-28T11:57:21.269604+00:00,26,Green Chili Pepper,Unknown,groceries,1.02,2,2.04,0,0.0,2.04,credit_card,us-west-2,cancelled,3.66
ba323759-bef4-4ff6-90c8-4e922ed07044,CUST-0021,Madison Collins,Philadelphia,2026-03-28,2026-03-28T12:02:12.269604+00:00,32,Milk,Unknown,groceries,3.05,1,3.05,0,0.0,3.05,gift_card,ap-southeast-1,cancelled,2.61
dac68ae0-7133-4e56-b2f2-77cd22331413,CUST-0012,Mia Rodriguez,Jacksonville,2026-03-28,2026-03-28T12:13:34.269604+00:00,24,Fish Steak,Unknown,groceries,17.11,3,51.33,0,0.0,51.33,gift_card,us-west-2,completed,3.78
7477074d-c086-4ce2-b9fd-bef3e98006ae,CUST-0016,Avery Perez,Columbus,2026-03-28,2026-03-28T12:37:26.269604+00:00,19,Chicken Meat,Unknown,groceries,9.97,3,29.91,20,5.98,23.93,buy_now_pay_later,us-east-1,cancelled,3.19
c07a13be-39dd-4f2d-a4b0-b0bad62b8ff4,CUST-0007,Alexander Jones,Indianapolis,2026-03-28,2026-03-28T12:51:45.269604+00:00,49,Black Aluminium Cup,Unknown,kitchen-accessories,5.65,3,16.95,0,0.0,16.95,paypal,ap-northeast-1,completed,4.46
84f1d3e5-63a1-4b60-b1d0-e3a9a83bb907,CUST-0018,Logan Torres,Columbus,2026-03-28,2026-03-28T12:53:52.269604+00:00,1,Essence Mascara Lash Princess,Essence,beauty,10.09,1,10.09,0,0.0,10.09,credit_card,ap-northeast-1,completed,2.56
803075d8-bb27-47af-be0b-110488a9d0a0,CUST-0010,Isabella Anderson,New York,2026-03-28,2026-03-28T13:34:20.269604+00:00,13,Bedside Table African Cherry,Furniture Co.,furniture,341.15,1,341.15,0,0.0,341.15,debit_card,ap-southeast-1,completed,2.87
8a41710f-476c-4137-ad31-682d12933c94,CUST-0017,Evelyn Sanchez,San Diego,2026-03-28,2026-03-28T13:38:52.269604+00:00,26,Green Chili Pepper,Unknown,groceries,0.97,2,1.94,0,0.0,1.94,debit_card,ap-northeast-1,completed,3.66
9ae96904-2eeb-4c1e-b0e6-d77b43da8419,CUST-0001,Emily Johnson,Phoenix,2026-03-28,2026-03-28T14:18:15.269604+00:00,9,Dolce Shine Eau de,Dolce & Gabbana,fragrances,69.44,1,69.44,25,17.36,52.08,debit_card,us-east-1,cancelled,3.96
fb919694-0f21-4527-a04f-bf50707c2d15,CUST-0027,Daniel Cook,Los Angeles,2026-03-28,2026-03-28T14:26:24.269604+00:00,7,Chanel Coco Noir Eau De,Chanel,fragrances,140.1,1,140.1,0,0.0,140.1,buy_now_pay_later,ap-northeast-1,completed,4.26
9c6fcd80-5998-44d2-9eef-3e3aa14c660e,CUST-0001,Emily Johnson,Phoenix,2026-03-28,2026-03-28T14:47:08.269604+00:00,8,Dior J'adore,Dior,fragrances,95.31,1,95.31,0,0.0,95.31,gift_card,ap-northeast-1,completed,3.8
63ba4abd-471b-49df-a40a-191792a5e40f,CUST-0028,Lily Lee,Phoenix,2026-03-28,2026-03-28T15:04:52.269604+00:00,38,Rice,Unknown,groceries,5.11,5,25.55,0,0.0,25.55,credit_card,eu-west-1,completed,3.18
435dd15b-99b7-4ee0-86de-ce1f4ff0ff23,CUST-0007,Alexander Jones,Indianapolis,2026-03-28,2026-03-28T15:16:11.269604+00:00,32,Milk,Unknown,groceries,3.46,3,10.38,15,1.56,8.82,buy_now_pay_later,ap-southeast-1,completed,2.61
62cbcee6-ffe0-4600-82c7-d587926a8725,CUST-0014,Charlotte Lopez,Columbus,2026-03-28,2026-03-28T15:22:29.269604+00:00,15,Wooden Bathroom Sink With Mirror,Bath Trends,furniture,857.89,1,857.89,10,85.79,772.1,debit_card,us-west-2,completed,3.59
cdc06a74-99ba-43cc-894a-b060c0144f3a,CUST-0021,Madison Collins,Philadelphia,2026-03-28,2026-03-28T15:28:51.269604+00:00,10,Gucci Bloom Eau de,Gucci,fragrances,68.09,2,136.18,10,13.62,122.56,gift_card,eu-west-1,completed,2.74
7cf67090-656f-4ebe-b6ce-3dc7270c9fef,CUST-0022,Elijah Stewart,Columbus,2026-03-28,2026-03-28T16:01:51.269604+00:00,38,Rice,Unknown,groceries,5.3,1,5.3,5,0.27,5.03,buy_now_pay_later,ap-northeast-1,completed,3.18
1621d21f-b3c7-4fb3-8852-446a289610ae,CUST-0020,Jackson Evans,New York,2026-03-28,2026-03-28T16:11:11.269604+00:00,47,Table Lamp,Unknown,home-decoration,49.78,1,49.78,0,0.0,49.78,credit_card,ap-southeast-1,completed,3.55
70d4554b-1fbe-4382-8b97-c23573373a51,CUST-0001,Emily Johnson,Phoenix,2026-03-28,2026-03-28T16:18:24.269604+00:00,32,Milk,Unknown,groceries,3.16,2,6.32,0,0.0,6.32,buy_now_pay_later,ap-northeast-1,completed,2.61
52d7de66-905e-4513-9be8-e39189824f66,CUST-0004,James Davis,Seattle,2026-03-28,2026-03-28T16:21:06.269604+00:00,50,Black Whisk,Unknown,kitchen-accessories,9.7,2,19.4,20,3.88,15.52,gift_card,ap-southeast-1,completed,3.9
6df92fbc-2119-4853-9b67-f75245707725,CUST-0021,Madison Collins,Philadelphia,2026-03-28,2026-03-28T16:25:46.269604+00:00,48,Bamboo Spatula,Unknown,kitchen-accessories,9.04,2,18.08,0,0.0,18.08,debit_card,eu-west-1,completed,3.27
c750708d-34a3-465b-ae92-f255865f4be1,CUST-0013,Noah Hernandez,New York,2026-03-28,2026-03-28T16:33:07.269604+00:00,33,Mulberry,Unknown,groceries,4.45,4,17.8,0,0.0,17.8,buy_now_pay_later,eu-west-1,completed,4.95
f0077871-6b4e-4bfe-b47f-e8a8d0af0f85,CUST-0025,Harper Kelly,Philadelphia,2026-03-28,2026-03-28T16:51:19.269604+00:00,24,Fish Steak,Unknown,groceries,14.82,1,14.82,25,3.71,11.11,gift_card,ap-southeast-1,cancelled,3.78
fe99a1ec-5abd-4295-aadb-ce77e6d9e3e9,CUST-0026,Evelyn Gonzalez,Dallas,2026-03-28,2026-03-28T17:05:15.269604+00:00,49,Black Aluminium Cup,Unknown,kitchen-accessories,5.39,1,5.39,0,0.0,5.39,paypal,eu-west-1,cancelled,4.46
95c78e09-40b0-4d72-abc0-3cd2a778669c,CUST-0027,Daniel Cook,Los Angeles,2026-03-28,2026-03-28T17:07:28.269604+00:00,39,Soft Drinks,Unknown,groceries,1.8,1,1.8,0,0.0,1.8,paypal,ap-southeast-1,cancelled,4.75
d4ef0a3d-a6da-4183-ba14-bb12bda74dcc,CUST-0010,Isabella Anderson,New York,2026-03-28,2026-03-28T17:10:07.269604+00:00,45,House Showpiece Plant,Unknown,home-decoration,44.17,1,44.17,10,4.42,39.75,buy_now_pay_later,us-east-1,completed,4.67
20a346f5-763e-4ffd-afa7-0e0b5ed09466,CUST-0023,Chloe Morales,Dallas,2026-03-28,2026-03-28T17:14:10.269604+00:00,5,Red Nail Polish,Nail Couture,beauty,9.24,3,27.72,0,0.0,27.72,buy_now_pay_later,us-east-1,completed,4.32
86cb00db-b3ce-46e8-87e7-b65a6e167125,CUST-0028,Lily Lee,Phoenix,2026-03-28,2026-03-28T17:15:20.269604+00:00,39,Soft Drinks,Unknown,groceries,2.05,2,4.1,25,1.02,3.08,debit_card,ap-northeast-1,completed,4.75
c144a26c-4378-496b-a509-5e50e2699b3c,CUST-0005,Emma Miller,Jacksonville,2026-03-28,2026-03-28T17:18:41.269604+00:00,26,Green Chili Pepper,Unknown,groceries,0.84,1,0.84,0,0.0,0.84,credit_card,eu-west-1,returned,3.66
360c103b-a38f-4e7f-8cdc-572ae812ad3c,CUST-0021,Madison Collins,Philadelphia,2026-03-28,2026-03-28T17:35:48.269604+00:00,41,Tissue Paper Box,Unknown,groceries,2.35,1,2.35,5,0.12,2.23,paypal,ap-northeast-1,completed,2.69
98a8e625-d79f-4388-bafb-611b048f6bb6,CUST-0021,Madison Collins,Philadelphia,2026-03-28,2026-03-28T17:35:52.269604+00:00,17,Beef Steak,Unknown,groceries,11.81,4,47.24,0,0.0,47.24,buy_now_pay_later,ap-northeast-1,completed,4.47
e04bdd5d-d646-41f3-a169-12827e888781,CUST-0021,Madison Collins,Philadelphia,2026-03-28,2026-03-28T18:06:52.269604+00:00,27,Honey Jar,Unknown,groceries,6.02,2,12.04,0,0.0,12.04,buy_now_pay_later,ap-northeast-1,completed,3.97
81284d24-5819-4bf4-9035-494b16d60aff,CUST-0025,Harper Kelly,Philadelphia,2026-03-28,2026-03-28T18:10:43.269604+00:00,23,Eggs,Unknown,groceries,2.71,1,2.71,20,0.54,2.17,debit_card,eu-west-1,completed,2.53
8f05903f-f8c2-447a-aab1-932ac0ed442f,CUST-0028,Lily Lee,Phoenix,2026-03-28,2026-03-28T18:12:21.269604+00:00,42,Water,Unknown,groceries,0.93,1,0.93,25,0.23,0.7,credit_card,eu-west-1,completed,4.96
492ebdca-5137-43ab-80bd-8c4d0ad30452,CUST-0012,Mia Rodriguez,Jacksonville,2026-03-28,2026-03-28T18:12:34.269604+00:00,24,Fish Steak,Unknown,groceries,15.31,1,15.31,0,0.0,15.31,paypal,eu-west-1,completed,3.78
a6b5ec4a-7924-4233-b10f-d42406e78592,CUST-0030,Addison Wright,San Francisco,2026-03-28,2026-03-28T18:16:45.269604+00:00,19,Chicken Meat,Unknown,groceries,9.95,3,29.85,0,0.0,29.85,paypal,us-west-2,completed,3.19
f35539e7-b859-4813-a2c3-9087fb1a2a1d,CUST-0017,Evelyn Sanchez,San Diego,2026-03-28,2026-03-28T18:33:22.269604+00:00,45,House Showpiece Plant,Unknown,home-decoration,44.51,1,44.51,0,0.0,44.51,debit_card,us-east-1,completed,4.67
7deb932c-9307-40c2-b200-b2505f680927,CUST-0029,Henry Hill,Indianapolis,2026-03-28,2026-03-28T19:15:46.269604+00:00,47,Table Lamp,Unknown,home-decoration,47.18,3,141.54,5,7.08,134.46,gift_card,us-east-1,completed,3.55
cdcf8011-33d5-492f-8760-a3a3556d18f6,CUST-0025,Harper Kelly,Philadelphia,2026-03-28,2026-03-28T19:21:08.269604+00:00,42,Water,Unknown,groceries,0.87,1,0.87,0,0.0,0.87,buy_now_pay_later,us-east-1,completed,4.96
1aba304b-3c7c-4713-9ffc-86c959f9ec1e,CUST-0012,Mia Rodriguez,Jacksonville,2026-03-28,2026-03-28T19:21:27.269604+00:00,6,Calvin Klein CK One,Calvin Klein,fragrances,52.18,1,52.18,0,0.0,52.18,debit_card,us-west-2,completed,4.37
5a1ce195-3946-4a56-bab8-67a794b52af0,CUST-0015,William Gonzalez,San Jose,2026-03-28,2026-03-28T19:48:07.269604+00:00,6,Calvin Klein CK One,Calvin Klein,fragrances,54.68,4,218.72,5,10.94,207.78,gift_card,ap-southeast-1,completed,4.37
78fe7cb5-e36a-4b3c-9a3a-0f5e592d1ba3,CUST-0017,Evelyn Sanchez,San Diego,2026-03-28,2026-03-28T19:58:22.269604+00:00,43,Decoration Swing,Unknown,home-decoration,53.12,1,53.12,0,0.0,53.12,credit_card,eu-west-1,cancelled,3.16
05513e8c-9eef-4956-877a-2397bcbf2bd2,CUST-0024,Mateo Nguyen,Columbus,2026-03-28,2026-03-28T20:24:37.269604+00:00,22,Dog Food,Unknown,groceries,10.88,1,10.88,10,1.09,9.79,credit_card,ap-northeast-1,cancelled,4.55
53db33b5-f1ea-4667-a496-2f678f1c1f46,CUST-0012,Mia Rodriguez,Jacksonville,2026-03-28,2026-03-28T20:28:35.269604+00:00,30,Kiwi,Unknown,groceries,2.15,3,6.45,0,0.0,6.45,gift_card,us-east-1,completed,4.93
4bbb07fa-2a6d-4b45-a2dc-567a42925779,CUST-0004,James Davis,Seattle,2026-03-28,2026-03-28T20:39:50.269604+00:00,31,Lemon,Unknown,groceries,0.69,1,0.69,25,0.17,0.52,paypal,eu-west-1,completed,3.53
aea2e1e8-00d4-45cd-9958-4b0f026b7598,CUST-0024,Mateo Nguyen,Columbus,2026-03-28,2026-03-28T20:45:51.269604+00:00,26,Green Chili Pepper,Unknown,groceries,1.1,2,2.2,0,0.0,2.2,paypal,us-east-1,cancelled,3.66
13954e9d-9ab0-4ade-ae5b-5092af64a2a9,CUST-0021,Madison Collins,Philadelphia,2026-03-28,2026-03-28T20:55:20.269604+00:00,8,Dior J'adore,Dior,fragrances,100.45,1,100.45,0,0.0,100.45,credit_card,ap-northeast-1,completed,3.8
f4739e3b-6001-4005-886b-c6fb806b09ae,CUST-0025,Harper Kelly,Philadelphia,2026-03-28,2026-03-28T20:56:04.269604+00:00,25,Green Bell Pepper,Unknown,groceries,1.26,2,2.52,0,0.0,2.52,credit_card,ap-southeast-1,completed,3.25
f4ab1418-67a5-4e84-a451-9b5f054375fe,CUST-0015,William Gonzalez,San Jose,2026-03-28,2026-03-28T21:00:57.269604+00:00,49,Black Aluminium Cup,Unknown,kitchen-accessories,5.15,1,5.15,0,0.0,5.15,gift_card,ap-southeast-1,completed,4.46
32229e7c-79bc-47c4-97b4-47284a362f4b,CUST-0020,Jackson Evans,New York,2026-03-28,2026-03-28T21:15:56.269604+00:00,49,Black Aluminium Cup,Unknown,kitchen-accessories,6.63,4,26.52,5,1.33,25.19,gift_card,ap-northeast-1,completed,4.46
890e81fd-e45a-4d02-8b9e-9a4c64e1731b,CUST-0019,Abigail Rivera,Chicago,2026-03-28,2026-03-28T21:17:26.269604+00:00,27,Honey Jar,Unknown,groceries,7.89,1,7.89,10,0.79,7.1,buy_now_pay_later,ap-northeast-1,completed,3.97
88e05408-dc8b-4796-9893-142a4d89ca25,CUST-0013,Noah Hernandez,New York,2026-03-28,2026-03-28T21:20:41.269604+00:00,10,Gucci Bloom Eau de,Gucci,fragrances,80.72,1,80.72,0,0.0,80.72,buy_now_pay_later,us-east-1,completed,2.74
5af210f9-7777-47bb-a381-bd1db40c58ac,CUST-0023,Chloe Morales,Dallas,2026-03-28,2026-03-28T21:24:24.269604+00:00,34,Nescafe Coffee,Unknown,groceries,7.07,1,7.07,20,1.41,5.66,gift_card,eu-west-1,completed,4.82
6cea6337-d1ef-447d-99da-d1c182bc22ba,CUST-0015,William Gonzalez,San Jose,2026-03-28,2026-03-28T21:29:13.269604+00:00,16,Apple,Unknown,groceries,1.85,1,1.85,20,0.37,1.48,credit_card,us-east-1,completed,4.19
f8ded21d-0b98-4c7d-8702-007246883b70,CUST-0014,Charlotte Lopez,Columbus,2026-03-28,2026-03-28T21:34:40.269604+00:00,47,Table Lamp,Unknown,home-decoration,52.82,4,211.28,25,52.82,158.46,paypal,ap-northeast-1,completed,3.55
64dac45c-fda4-409b-b8bc-ef49a44a333f,CUST-0013,Noah Hernandez,New York,2026-03-28,2026-03-28T21:37:59.269604+00:00,10,Gucci Bloom Eau de,Gucci,fragrances,77.11,3,231.33,0,0.0,231.33,paypal,us-east-1,cancelled,2.74
59e099a6-2494-4528-aa09-c4f6e6ba2b7e,CUST-0018,Logan Torres,Columbus,2026-03-28,2026-03-28T22:09:33.269604+00:00,40,Strawberry,Unknown,groceries,4.06,1,4.06,10,0.41,3.65,paypal,us-west-2,completed,3.08
5c8a659d-db24-4977-8042-b8656b5938cb,CUST-0025,Harper Kelly,Philadelphia,2026-03-28,2026-03-28T22:13:06.269604+00:00,12,Annibale Colombo Sofa,Annibale Colombo,furniture,2363.19,3,7089.57,25,1772.39,5317.18,gift_card,ap-southeast-1,completed,3.92
7ff826a6-7838-4a7f-b4f7-62e46ef81292,CUST-0026,Evelyn Gonzalez,Dallas,2026-03-28,2026-03-28T22:25:32.269604+00:00,46,Plant Pot,Unknown,home-decoration,17.1,3,51.3,0,0.0,51.3,gift_card,ap-southeast-1,completed,3.01
07cea327-f3db-4060-98db-4434c8a3b5cf,CUST-0002,Michael Williams,Houston,2026-03-28,2026-03-28T22:52:24.269604+00:00,29,Juice,Unknown,groceries,3.68,2,7.36,15,1.1,6.26,gift_card,us-east-1,completed,3.94
f4d969d3-832c-4cbc-99f2-ece2e09cd654,CUST-0007,Alexander Jones,Indianapolis,2026-03-28,2026-03-28T23:02:43.269604+00:00,48,Bamboo Spatula,Unknown,kitchen-accessories,8.94,1,8.94,15,1.34,7.6,buy_now_pay_later,ap-southeast-1,cancelled,3.27
43c31079-931e-4bfd-bf6d-ba4702c5258e,CUST-0018,Logan Torres,Columbus,2026-03-28,2026-03-28T23:04:15.269604+00:00,16,Apple,Unknown,groceries,2.11,2,4.22,0,0.0,4.22,paypal,ap-southeast-1,completed,4.19
b21beff9-c081-4871-905b-ef0155f3a6ce,CUST-0009,Ethan Martinez,San Antonio,2026-03-28,2026-03-28T23:26:06.269604+00:00,35,Potatoes,Unknown,groceries,2.22,4,8.88,0,0.0,8.88,paypal,eu-west-1,completed,4.81
b7693c72-d352-4592-b242-ae654336f6b7,CUST-0030,Addison Wright,San Francisco,2026-03-28,2026-03-28T23:29:34.269604+00:00,43,Decoration Swing,Unknown,home-decoration,68.67,1,68.67,20,13.73,54.94,debit_card,us-east-1,completed,3.16
04b0cce2-fd8f-47d1-89ff-2afd65b7b638,CUST-0012,Mia Rodriguez,Jacksonville,2026-03-28,2026-03-28T23:40:21.269604+00:00,36,Protein Powder,Unknown,groceries,18.76,2,37.52,0,0.0,37.52,gift_card,eu-west-1,completed,4.18
636414c1-1887-479b-b880-d45be856c734,CUST-0021,Madison Collins,Philadelphia,2026-03-28,2026-03-28T23:47:11.269604+00:00,24,Fish Steak,Unknown,groceries,14.49,4,57.96,0,0.0,57.96,credit_card,ap-northeast-1,completed,3.78
38a01d4b-6e2d-4019-b2c9-b78a329f5e95,CUST-0020,Jackson Evans,New York,2026-03-28,2026-03-28T23:48:40.269604+00:00,10,Gucci Bloom Eau de,Gucci,fragrances,76.96,1,76.96,10,7.7,69.26,gift_card,us-east-1,completed,2.74
6005b343-094b-44ba-980f-d55947855060,CUST-0028,Lily Lee,Phoenix,2026-03-29,2026-03-29T00:03:40.269604+00:00,37,Red Onions,Unknown,groceries,2.06,1,2.06,0,0.0,2.06,debit_card,ap-southeast-1,completed,4.2
6c3fee15-db73-4dcb-bbaf-be3a0b165957,CUST-0012,Mia Rodriguez,Jacksonville,2026-03-29,2026-03-29T00:04:59.269604+00:00,37,Red Onions,Unknown,groceries,2.04,2,4.08,0,0.0,4.08,buy_now_pay_later,ap-southeast-1,completed,4.2
5bdbeed2-ac6a-4e4e-874c-0d8f97b2d91a,CUST-0028,Lily Lee,Phoenix,2026-03-29,2026-03-29T00:07:11.269604+00:00,41,Tissue Paper Box,Unknown,groceries,2.46,1,2.46,5,0.12,2.34,credit_card,ap-northeast-1,completed,2.69
3b55fe4c-ebc8-4ef9-a1f0-04c089105f05,CUST-0027,Daniel Cook,Los Angeles,2026-03-29,2026-03-29T00:25:17.269604+00:00,17,Beef Steak,Unknown,groceries,14.36,4,57.44,0,0.0,57.44,paypal,ap-southeast-1,cancelled,4.47
38b2ac9c-9d8d-46d2-a619-4fea0c81fda7,CUST-0015,William Gonzalez,San Jose,2026-03-29,2026-03-29T00:35:40.269604+00:00,30,Kiwi,Unknown,groceries,2.25,1,2.25,0,0.0,2.25,paypal,ap-southeast-1,completed,4.93
7712685c-1165-478c-b853-7b2815f22972,CUST-0006,Olivia Wilson,Fort Worth,2026-03-29,2026-03-29T00:57:54.269604+00:00,36,Protein Powder,Unknown,groceries,22.41,1,22.41,10,2.24,20.17,buy_now_pay_later,ap-southeast-1,completed,4.18
2e02b8e0-0a19-4d7d-8f4d-1ae35b819849,CUST-0015,William Gonzalez,San Jose,2026-03-29,2026-03-29T01:01:53.269604+00:00,19,Chicken Meat,Unknown,groceries,10.35,4,41.4,0,0.0,41.4,buy_now_pay_later,eu-west-1,completed,3.19
fdf23cc5-e0ad-4410-9a87-d9b71328a648,CUST-0026,Evelyn Gonzalez,Dallas,2026-03-29,2026-03-29T01:04:10.269604+00:00,46,Plant Pot,Unknown,home-decoration,16.96,1,16.96,0,0.0,16.96,debit_card,ap-northeast-1,cancelled,3.01
c2ca23f7-b782-41ea-a2a0-f44064a425f2,CUST-0028,Lily Lee,Phoenix,2026-03-29,2026-03-29T01:05:43.269604+00:00,17,Beef Steak,Unknown,groceries,12.36,2,24.72,20,4.94,19.78,buy_now_pay_later,ap-southeast-1,completed,4.47
5f87dade-8806-4431-b957-5530bf1fb3a0,CUST-0008,Ava Taylor,Fort Worth,2026-03-29,2026-03-29T01:46:26.269604+00:00,32,Milk,Unknown,groceries,3.88,1,3.88,5,0.19,3.69,paypal,us-east-1,completed,2.61
dcc6cb01-8442-47fd-b133-2e6793c0299b,CUST-0025,Harper Kelly,Philadelphia,2026-03-29,2026-03-29T01:58:42.269604+00:00,3,Powder Canister,Velvet Touch,beauty,15.27,2,30.54,20,6.11,24.43,gift_card,us-east-1,completed,4.64
1cf53e8a-fa8c-42b6-9f5c-ec584be3a420,CUST-0014,Charlotte Lopez,Columbus,2026-03-29,2026-03-29T02:18:22.269604+00:00,6,Calvin Klein CK One,Calvin Klein,fragrances,54.84,4,219.36,5,10.97,208.39,gift_card,us-east-1,cancelled,4.37
0016620a-b7c4-4671-a512-5d45da1a10ff,CUST-0002,Michael Williams,Houston,2026-03-29,2026-03-29T02:20:49.269604+00:00,48,Bamboo Spatula,Unknown,kitchen-accessories,8.22,1,8.22,10,0.82,7.4,debit_card,ap-southeast-1,completed,3.27
fa6d6b3d-c546-4e9d-8157-d8a4958e9478,CUST-0029,Henry Hill,Indianapolis,2026-03-29,2026-03-29T02:21:35.269604+00:00,46,Plant Pot,Unknown,home-decoration,15.59,3,46.77,0,0.0,46.77,buy_now_pay_later,us-east-1,completed,3.01
1c7db63d-2024-4f7a-b134-ead36a5ddc70,CUST-0002,Michael Williams,Houston,2026-03-29,2026-03-29T02:37:04.269604+00:00,48,Bamboo Spatula,Unknown,kitchen-accessories,8.82,3,26.46,0,0.0,26.46,paypal,ap-northeast-1,completed,3.27
520390af-a036-4351-b721-643d7c1fb110,CUST-0026,Evelyn Gonzalez,Dallas,2026-03-29,2026-03-29T02:52:03.269604+00:00,25,Green Bell Pepper,Unknown,groceries,1.25,1,1.25,15,0.19,1.06,credit_card,eu-west-1,completed,3.25
5d07b015-10a7-4bfc-98fe-9338014baa7a,CUST-0029,Henry Hill,Indianapolis,2026-03-29,2026-03-29T03:09:14.269604+00:00,47,Table Lamp,Unknown,home-decoration,54.61,3,163.83,0,0.0,163.83,credit_card,us-west-2,cancelled,3.55
0698d744-5e0f-4440-9ea3-7e9270aded50,CUST-0022,Elijah Stewart,Columbus,2026-03-29,2026-03-29T03:29:01.269604+00:00,33,Mulberry,Unknown,groceries,5.4,3,16.2,10,1.62,14.58,buy_now_pay_later,us-west-2,completed,4.95
6baf6502-98d8-431d-b2f6-a14ee300a723,CUST-0018,Logan Torres,Columbus,2026-03-29,2026-03-29T03:42:59.269604+00:00,22,Dog Food,Unknown,groceries,10.1,2,20.2,0,0.0,20.2,paypal,ap-southeast-1,completed,4.55
5e529a99-896c-4895-96a1-ec494b547dda,CUST-0006,Olivia Wilson,Fort Worth,2026-03-29,2026-03-29T03:43:57.269604+00:00,6,Calvin Klein CK One,Calvin Klein,fragrances,50.03,1,50.03,15,7.5,42.53,buy_now_pay_later,us-east-1,completed,4.37
2d10860c-e0c1-41a1-a3de-b5149d1985bf,CUST-0027,Daniel Cook,Los Angeles,2026-03-29,2026-03-29T03:49:30.269604+00:00,40,Strawberry,Unknown,groceries,4.54,3,13.62,0,0.0,13.62,gift_card,ap-southeast-1,completed,3.08
2b410a3b-85d5-4daa-87bb-27c94cdb80dd,CUST-0003,Sophia Brown,Washington,2026-03-29,2026-03-29T03:49:44.269604+00:00,11,Annibale Colombo Bed,Annibale Colombo,furniture,2121.11,1,2121.11,0,0.0,2121.11,buy_now_pay_later,ap-northeast-1,completed,4.77
f023caf2-cca1-4e58-9ec2-f8861d17546e,CUST-0028,Lily Lee,Phoenix,2026-03-29,2026-03-29T03:55:51.269604+00:00,50,Black Whisk,Unknown,kitchen-accessories,10.72,2,21.44,0,0.0,21.44,buy_now_pay_later,ap-northeast-1,cancelled,3.9
9567184e-352f-4431-b415-95e1a033889d,CUST-0028,Lily Lee,Phoenix,2026-03-29,2026-03-29T04:03:06.269604+00:00,17,Beef Steak,Unknown,groceries,14.6,4,58.4,0,0.0,58.4,credit_card,ap-southeast-1,cancelled,4.47
ce744455-73b0-4fe9-82c3-b0ead46be386,CUST-0010,Isabella Anderson,New York,2026-03-29,2026-03-29T04:03:31.269604+00:00,46,Plant Pot,Unknown,home-decoration,16.36,2,32.72,0,0.0,32.72,buy_now_pay_later,ap-southeast-1,completed,3.01
d7219388-e0f8-4297-897e-458718effa59,CUST-0024,Mateo Nguyen,Columbus,2026-03-29,2026-03-29T04:17:03.269604+00:00,28,Ice Cream,Unknown,groceries,5.64,2,11.28,0,0.0,11.28,debit_card,eu-west-1,completed,3.39
aaa1e265-f5cb-4879-93d3-f81a10ba23cf,CUST-0025,Harper Kelly,Philadelphia,2026-03-29,2026-03-29T04:19:38.269604+00:00,45,House Showpiece Plant,Unknown,home-decoration,39.3,1,39.3,5,1.97,37.33,gift_card,ap-southeast-1,completed,4.67
5e356c96-3645-4456-b6a3-6aa9d62275c0,CUST-0029,Henry Hill,Indianapolis,2026-03-29,2026-03-29T04:47:31.269604+00:00,9,Dolce Shine Eau de,Dolce & Gabbana,fragrances,77.06,1,77.06,25,19.27,57.79,gift_card,us-east-1,returned,3.96
04542d48-53a4-45c6-be69-b440fcdc7a1a,CUST-0011,Liam Garcia,Denver,2026-03-29,2026-03-29T04:49:21.269604+00:00,33,Mulberry,Unknown,groceries,5.06,3,15.18,0,0.0,15.18,gift_card,ap-northeast-1,cancelled,4.95
7bab956a-6127-47ee-9101-a02b393d75d2,CUST-0019,Abigail Rivera,Chicago,2026-03-29,2026-03-29T05:04:01.269604+00:00,22,Dog Food,Unknown,groceries,10.03,2,20.06,0,0.0,20.06,buy_now_pay_later,us-west-2,completed,4.55
3bec8e0a-a3ec-432b-bb0e-5aaaa225d657,CUST-0024,Mateo Nguyen,Columbus,2026-03-29,2026-03-29T05:12:14.269604+00:00,38,Rice,Unknown,groceries,6.57,1,6.57,20,1.31,5.26,gift_card,ap-northeast-1,completed,3.18
87df7c9c-5a03-46c5-bfb9-7bfdf93bbcb8,CUST-0012,Mia Rodriguez,Jacksonville,2026-03-29,2026-03-29T05:13:08.269604+00:00,29,Juice,Unknown,groceries,4.53,1,4.53,25,1.13,3.4,debit_card,us-east-1,completed,3.94
0199bfa5-1b84-4c0c-9e3a-7944f00cd420,CUST-0001,Emily Johnson,Phoenix,2026-03-29,2026-03-29T05:19:21.269604+00:00,21,Cucumber,Unknown,groceries,1.3,1,1.3,25,0.33,0.97,credit_card,us-west-2,completed,4.07
b882ce01-6298-4d94-90b5-17963c6f18b9,CUST-0006,Olivia Wilson,Fort Worth,2026-03-29,2026-03-29T05:28:55.269604+00:00,27,Honey Jar,Unknown,groceries,7.27,2,14.54,0,0.0,14.54,debit_card,eu-west-1,completed,3.97
76a837c8-12bf-43f1-807e-2bdb49904bf7,CUST-0024,Mateo Nguyen,Columbus,2026-03-29,2026-03-29T05:32:52.269604+00:00,35,Potatoes,Unknown,groceries,2.32,1,2.32,0,0.0,2.32,debit_card,ap-southeast-1,cancelled,4.81
7a39272c-cb32-49c3-9b7f-f13a2aef4b71,CUST-0019,Abigail Rivera,Chicago,2026-03-29,2026-03-29T05:41:41.269604+00:00,12,Annibale Colombo Sofa,Annibale Colombo,furniture,2402.65,2,4805.3,0,0.0,4805.3,gift_card,us-west-2,completed,3.92
4848f981-b140-4779-ad1a-419d9b9debdd,CUST-0014,Charlotte Lopez,Columbus,2026-03-29,2026-03-29T05:44:42.269604+00:00,26,Green Chili Pepper,Unknown,groceries,0.92,1,0.92,0,0.0,0.92,credit_card,ap-northeast-1,returned,3.66
3384566c-df17-43f5-85dc-531f0fecba4c,CUST-0010,Isabella Anderson,New York,2026-03-29,2026-03-29T05:51:33.269604+00:00,46,Plant Pot,Unknown,home-decoration,16.58,1,16.58,0,0.0,16.58,paypal,eu-west-1,completed,3.01
8674c592-c206-4cd8-a785-b8512f76fd33,CUST-0024,Mateo Nguyen,Columbus,2026-03-29,2026-03-29T05:59:25.269604+00:00,22,Dog Food,Unknown,groceries,11.34,1,11.34,25,2.83,8.51,gift_card,us-west-2,completed,4.55
583fbd42-c299-406d-a710-a0d2f0053d49,CUST-0001,Emily Johnson,Phoenix,2026-03-29,2026-03-29T06:24:03.269604+00:00,34,Nescafe Coffee,Unknown,groceries,7.52,1,7.52,25,1.88,5.64,paypal,eu-west-1,completed,4.82
0f7b8a3a-1b54-4972-b31a-77d01271f7bc,CUST-0017,Evelyn Sanchez,San Diego,2026-03-29,2026-03-29T06:32:56.269604+00:00,4,Red Lipstick,Chic Cosmetics,beauty,13.09,1,13.09,10,1.31,11.78,gift_card,us-west-2,completed,4.36
67a6e3f9-ae67-474a-a80b-ef75ab5a9842,CUST-0025,Harper Kelly,Philadelphia,2026-03-29,2026-03-29T06:33:27.269604+00:00,7,Chanel Coco Noir Eau De,Chanel,fragrances,115.4,1,115.4,10,11.54,103.86,gift_card,us-west-2,cancelled,4.26
0b488bcf-724f-4c9c-924f-f1c7c7c3220d,CUST-0022,Elijah Stewart,Columbus,2026-03-29,2026-03-29T06:35:19.269604+00:00,46,Plant Pot,Unknown,home-decoration,14.74,1,14.74,20,2.95,11.79,credit_card,ap-northeast-1,completed,3.01
d45b2064-9f0c-490c-b0c2-c9ca98d90125,CUST-0021,Madison Collins,Philadelphia,2026-03-29,2026-03-29T06:41:21.269604+00:00,25,Green Bell Pepper,Unknown,groceries,1.13,4,4.52,10,0.45,4.07,credit_card,us-west-2,completed,3.25
b92d9ae1-839a-4815-a9d7-83a7ba8f0c85,CUST-0009,Ethan Martinez,San Antonio,2026-03-29,2026-03-29T06:42:31.269604+00:00,12,Annibale Colombo Sofa,Annibale Colombo,furniture,2627.94,1,2627.94,0,0.0,2627.94,paypal,us-west-2,cancelled,3.92
3c2af5f1-8205-4611-8b1a-90cb01ff8d2b,CUST-0016,Avery Perez,Columbus,2026-03-29,2026-03-29T06:44:41.269604+00:00,12,Annibale Colombo Sofa,Annibale Colombo,furniture,2872.7,1,2872.7,5,143.63,2729.07,gift_card,eu-west-1,completed,3.92
6f0a7925-5565-49bb-8b89-997ebe6c0c1f,CUST-0016,Avery Perez,Columbus,2026-03-29,2026-03-29T06:49:02.269604+00:00,30,Kiwi,Unknown,groceries,2.8,1,2.8,0,0.0,2.8,paypal,eu-west-1,completed,4.93
5e415cb6-e5bc-4107-a51e-b5e0f8e18a8a,CUST-0025,Harper Kelly,Philadelphia,2026-03-29,2026-03-29T06:56:07.269604+00:00,8,Dior J'adore,Dior,fragrances,85.98,1,85.98,0,0.0,85.98,buy_now_pay_later,ap-northeast-1,completed,3.8
b96d5793-8bae-48aa-9539-778958cc10b3,CUST-0029,Henry Hill,Indianapolis,2026-03-29,2026-03-29T07:09:24.269604+00:00,50,Black Whisk,Unknown,kitchen-accessories,9.0,2,18.0,0,0.0,18.0,paypal,us-west-2,completed,3.9
3fae7d15-89a3-47e7-bec7-6ab01da8b022,CUST-0007,Alexander Jones,Indianapolis,2026-03-29,2026-03-29T07:31:21.269604+00:00,23,Eggs,Unknown,groceries,3.31,1,3.31,0,0.0,3.31,buy_now_pay_later,ap-southeast-1,completed,2.53
27b3d863-90f2-4971-93fc-c69d158a5365,CUST-0019,Abigail Rivera,Chicago,2026-03-29,2026-03-29T07:34:34.269604+00:00,11,Annibale Colombo Bed,Annibale Colombo,furniture,1966.2,3,5898.6,0,0.0,5898.6,buy_now_pay_later,eu-west-1,completed,4.77
098858ad-0681-4707-bde2-5e34765b2620,CUST-0004,James Davis,Seattle,2026-03-29,2026-03-29T07:39:23.269604+00:00,36,Protein Powder,Unknown,groceries,22.58,1,22.58,0,0.0,22.58,buy_now_pay_later,us-west-2,completed,4.18
37c51b79-3ac5-4cb8-babf-095b97d22df8,CUST-0026,Evelyn Gonzalez,Dallas,2026-03-29,2026-03-29T07:58:21.269604+00:00,47,Table Lamp,Unknown,home-decoration,52.11,1,52.11,0,0.0,52.11,debit_card,us-west-2,cancelled,3.55
dc855afe-dfb7-42cb-b5e3-eb9bed401de3,CUST-0020,Jackson Evans,New York,2026-03-29,2026-03-29T08:00:53.269604+00:00,39,Soft Drinks,Unknown,groceries,2.14,3,6.42,0,0.0,6.42,debit_card,us-west-2,completed,4.75
8925ab1d-d3a8-4037-8b2e-7dc73f309808,CUST-0020,Jackson Evans,New York,2026-03-29,2026-03-29T08:09:32.269604+00:00,37,Red Onions,Unknown,groceries,1.84,1,1.84,0,0.0,1.84,debit_card,ap-northeast-1,completed,4.2
cf6062d6-5730-4cfc-971e-75d5f3e2788f,CUST-0019,Abigail Rivera,Chicago,2026-03-29,2026-03-29T08:10:55.269604+00:00,6,Calvin Klein CK One,Calvin Klein,fragrances,56.67,2,113.34,0,0.0,113.34,credit_card,us-east-1,completed,4.37
932f78a4-5665-48c7-a490-206b33340552,CUST-0014,Charlotte Lopez,Columbus,2026-03-29,2026-03-29T08:23:12.269604+00:00,38,Rice,Unknown,groceries,6.81,2,13.62,20,2.72,10.9,gift_card,us-east-1,completed,3.18
6fa35481-b195-4ba1-95ab-10066f5e028a,CUST-0022,Elijah Stewart,Columbus,2026-03-29,2026-03-29T08:47:51.269604+00:00,39,Soft Drinks,Unknown,groceries,2.07,1,2.07,0,0.0,2.07,debit_card,ap-northeast-1,cancelled,4.75
949c598d-459c-413f-94ac-b388846c27e2,CUST-0013,Noah Hernandez,New York,2026-03-29,2026-03-29T08:53:04.269604+00:00,28,Ice Cream,Unknown,groceries,5.69,1,5.69,0,0.0,5.69,debit_card,us-west-2,completed,3.39
cae868bb-8c8c-480a-897b-5bd45a7a4608,CUST-0002,Michael Williams,Houston,2026-03-29,2026-03-29T08:56:45.269604+00:00,22,Dog Food,Unknown,groceries,12.41,5,62.05,20,12.41,49.64,debit_card,ap-northeast-1,completed,4.55
40606ad5-c1dc-4b66-9c0f-5e81d87fdd70,CUST-0013,Noah Hernandez,New York,2026-03-29,2026-03-29T09:06:53.269604+00:00,49,Black Aluminium Cup,Unknown,kitchen-accessories,6.37,2,12.74,0,0.0,12.74,gift_card,ap-northeast-1,cancelled,4.46
5b03a0d5-7ae2-4bab-8ca8-35daeba01099,CUST-0002,Michael Williams,Houston,2026-03-29,2026-03-29T09:19:53.269604+00:00,29,Juice,Unknown,groceries,4.14,1,4.14,0,0.0,4.14,paypal,ap-southeast-1,completed,3.94
3cd7eea7-d0e4-4406-8131-428c305ffa48,CUST-0019,Abigail Rivera,Chicago,2026-03-29,2026-03-29T09:39:29.269604+00:00,36,Protein Powder,Unknown,groceries,21.48,1,21.48,0,0.0,21.48,gift_card,ap-southeast-1,cancelled,4.18
6577048c-2714-47d2-b749-310e8e5a4d69,CUST-0001,Emily Johnson,Phoenix,2026-03-29,2026-03-29T09:44:22.269604+00:00,17,Beef Steak,Unknown,groceries,14.15,1,14.15,0,0.0,14.15,debit_card,ap-northeast-1,completed,4.47
d576cf42-9fbe-4d76-ae83-005a90c0ce41,CUST-0005,Emma Miller,Jacksonville,2026-03-29,2026-03-29T09:47:13.269604+00:00,36,Protein Powder,Unknown,groceries,21.51,2,43.02,0,0.0,43.02,paypal,us-west-2,completed,4.18
3a21fd8c-e899-40b3-bf36-715c47364232,CUST-0010,Isabella Anderson,New York,2026-03-29,2026-03-29T09:48:14.269604+00:00,45,House Showpiece Plant,Unknown,home-decoration,37.58,1,37.58,0,0.0,37.58,paypal,ap-southeast-1,completed,4.67
1f55de39-ad7a-40c1-800d-11f8a937856a,CUST-0030,Addison Wright,San Francisco,2026-03-29,2026-03-29T09:48:49.269604+00:00,47,Table Lamp,Unknown,home-decoration,53.19,2,106.38,20,21.28,85.1,buy_now_pay_later,eu-west-1,completed,3.55
8f9fb4c8-0908-4c91-b980-fa5bf6f56a32,CUST-0013,Noah Hernandez,New York,2026-03-29,2026-03-29T09:59:34.269604+00:00,42,Water,Unknown,groceries,1.1,2,2.2,20,0.44,1.76,gift_card,ap-northeast-1,completed,4.96
95d78497-0057-4012-a7a6-65c088c542bc,CUST-0009,Ethan Martinez,San Antonio,2026-03-29,2026-03-29T10:06:06.269604+00:00,16,Apple,Unknown,groceries,2.16,2,4.32,20,0.86,3.46,debit_card,eu-west-1,completed,4.19
83bd9ece-da7c-4574-8aa5-f84af813889f,CUST-0021,Madison Collins,Philadelphia,2026-03-29,2026-03-29T10:07:15.269604+00:00,22,Dog Food,Unknown,groceries,10.34,2,20.68,0,0.0,20.68,debit_card,us-east-1,completed,4.55
9d591a85-8915-4445-8264-e815be3708a8,CUST-0009,Ethan Martinez,San Antonio,2026-03-29,2026-03-29T10:15:14.269604+00:00,16,Apple,Unknown,groceries,2.03,1,2.03,10,0.2,1.83,gift_card,ap-southeast-1,cancelled,4.19
1d73bc63-73d4-4d0b-a950-5f0bbc454281,CUST-0015,William Gonzalez,San Jose,2026-03-29,2026-03-29T10:18:23.269604+00:00,43,Decoration Swing,Unknown,home-decoration,63.44,2,126.88,10,12.69,114.19,credit_card,us-east-1,completed,3.16
4a53c969-19a5-4146-971d-489cc0fc1863,CUST-0022,Elijah Stewart,Columbus,2026-03-29,2026-03-29T10:18:55.269604+00:00,42,Water,Unknown,groceries,1.12,1,1.12,20,0.22,0.9,credit_card,us-east-1,completed,4.96
52869083-aa07-435f-b793-bfe54ff8c23d,CUST-0024,Mateo Nguyen,Columbus,2026-03-29,2026-03-29T10:19:33.269604+00:00,47,Table Lamp,Unknown,home-decoration,53.16,4,212.64,20,42.53,170.11,gift_card,us-west-2,cancelled,3.55
d9f9006c-7789-4d04-a4d6-cfca81ef13f5,CUST-0010,Isabella Anderson,New York,2026-03-29,2026-03-29T10:27:49.269604+00:00,30,Kiwi,Unknown,groceries,2.63,3,7.89,25,1.97,5.92,gift_card,eu-west-1,completed,4.93
d0e32db4-f552-409e-b7b2-96075aabe514,CUST-0009,Ethan Martinez,San Antonio,2026-03-29,2026-03-29T10:31:54.269604+00:00,31,Lemon,Unknown,groceries,0.87,1,0.87,25,0.22,0.65,paypal,ap-northeast-1,completed,3.53
031689a4-6c60-473f-a164-d1dfcc4d5279,CUST-0030,Addison Wright,San Francisco,2026-03-29,2026-03-29T10:33:41.269604+00:00,13,Bedside Table African Cherry,Furniture Co.,furniture,299.13,2,598.26,10,59.83,538.43,gift_card,us-west-2,completed,2.87
6e50d8a3-d6f2-436d-901c-37c72782d850,CUST-0001,Emily Johnson,Phoenix,2026-03-29,2026-03-29T10:34:16.269604+00:00,8,Dior J'adore,Dior,fragrances,83.0,2,166.0,0,0.0,166.0,paypal,us-west-2,completed,3.8
c9de86ae-eab7-49e3-bd29-c9e5604f5311,CUST-0009,Ethan Martinez,San Antonio,2026-03-29,2026-03-29T10:35:25.269604+00:00,30,Kiwi,Unknown,groceries,2.77,1,2.77,0,0.0,2.77,gift_card,eu-west-1,completed,4.93
f504809a-f0ae-47df-abc3-813793619ba1,CUST-0020,Jackson Evans,New York,2026-03-29,2026-03-29T10:48:19.269604+00:00,1,Essence Mascara Lash Princess,Essence,beauty,10.16,1,10.16,10,1.02,9.14,buy_now_pay_later,ap-northeast-1,completed,2.56
b5fadc42-bbd7-4615-93fe-9b0f0ab695ec,CUST-0022,Elijah Stewart,Columbus,2026-03-29,2026-03-29T11:12:39.269604+00:00,22,Dog Food,Unknown,groceries,11.19,2,22.38,5,1.12,21.26,gift_card,us-east-1,cancelled,4.55
e0f80a21-c758-4efe-94b9-d3d2ebe7e0ef,CUST-0030,Addison Wright,San Francisco,2026-03-29,2026-03-29T11:15:22.269604+00:00,15,Wooden Bathroom Sink With Mirror,Bath Trends,furniture,907.38,1,907.38,15,136.11,771.27,gift_card,us-west-2,completed,3.59
4dbcb089-0a3f-4070-abbb-7355d9a59474,CUST-0006,Olivia Wilson,Fort Worth,2026-03-29,2026-03-29T11:23:12.269604+00:00,3,Powder Canister,Velvet Touch,beauty,13.86,1,13.86,5,0.69,13.17,paypal,eu-west-1,completed,4.64
876199f1-ea5e-4172-86ff-9f6e5d59d75d,CUST-0010,Isabella Anderson,New York,2026-03-29,2026-03-29T11:36:22.269604+00:00,24,Fish Steak,Unknown,groceries,15.36,1,15.36,0,0.0,15.36,credit_card,eu-west-1,completed,3.78
0343523e-fce2-4afd-a4a6-3f38280ff913,CUST-0022,Elijah Stewart,Columbus,2026-03-29,2026-03-29T12:23:16.269604+00:00,29,Juice,Unknown,groceries,3.92,1,3.92,0,0.0,3.92,buy_now_pay_later,eu-west-1,completed,3.94
6b27506d-6871-4c1b-9601-1cfbcedb90a8,CUST-0023,Chloe Morales,Dallas,2026-03-29,2026-03-29T12:30:20.269604+00:00,18,Cat Food,Unknown,groceries,10.01,4,40.04,0,0.0,40.04,paypal,us-east-1,completed,3.13
eebf76c6-d1f3-4dcd-a2a5-c93332fdf3bf,CUST-0023,Chloe Morales,Dallas,2026-03-29,2026-03-29T12:30:22.269604+00:00,50,Black Whisk,Unknown,kitchen-accessories,11.07,1,11.07,0,0.0,11.07,buy_now_pay_later,ap-northeast-1,cancelled,3.9
a30c80d7-8b7f-4cf5-a016-d5ff93dbe98f,CUST-0026,Evelyn Gonzalez,Dallas,2026-03-29,2026-03-29T12:35:14.269604+00:00,50,Black Whisk,Unknown,kitchen-accessories,8.63,2,17.26,0,0.0,17.26,gift_card,ap-southeast-1,completed,3.9
3bc53823-a3ec-4935-bcd2-481bf492f2a6,CUST-0020,Jackson Evans,New York,2026-03-29,2026-03-29T12:37:26.269604+00:00,46,Plant Pot,Unknown,home-decoration,15.13,3,45.39,0,0.0,45.39,credit_card,us-west-2,completed,3.01
e81dfc03-e743-4b32-b978-c9d1637e40ea,CUST-0015,William Gonzalez,San Jose,2026-03-29,2026-03-29T12:45:08.269604+00:00,6,Calvin Klein CK One,Calvin Klein,fragrances,54.35,1,54.35,10,5.43,48.92,paypal,ap-northeast-1,completed,4.37
1afc9940-bbfd-411d-9802-3cb44f5fd935,CUST-0001,Emily Johnson,Phoenix,2026-03-29,2026-03-29T12:50:57.269604+00:00,50,Black Whisk,Unknown,kitchen-accessories,11.02,1,11.02,10,1.1,9.92,debit_card,eu-west-1,completed,3.9
7477e0db-5238-446f-8dd6-a0f8ddcd796d,CUST-0010,Isabella Anderson,New York,2026-03-29,2026-03-29T12:52:43.269604+00:00,2,Eyeshadow Palette with Mirror,Glamour Beauty,beauty,17.55,1,17.55,25,4.39,13.16,gift_card,ap-northeast-1,completed,2.86
8aefe435-e0cd-47c3-aa81-7a042e511e5b,CUST-0009,Ethan Martinez,San Antonio,2026-03-29,2026-03-29T13:04:07.269604+00:00,8,Dior J'adore,Dior,fragrances,77.6,1,77.6,0,0.0,77.6,debit_card,us-west-2,completed,3.8
d32fbb08-6b34-4845-9244-424ac7d7fee1,CUST-0006,Olivia Wilson,Fort Worth,2026-03-29,2026-03-29T13:08:34.269604+00:00,12,Annibale Colombo Sofa,Annibale Colombo,furniture,2376.62,1,2376.62,0,0.0,2376.62,buy_now_pay_later,us-west-2,completed,3.92
a35e2408-50fa-40e3-920c-79dd9800fbb2,CUST-0029,Henry Hill,Indianapolis,2026-03-29,2026-03-29T13:52:30.269604+00:00,22,Dog Food,Unknown,groceries,11.62,1,11.62,5,0.58,11.04,credit_card,eu-west-1,completed,4.55
4de90c9e-64b1-4426-83d9-92eb50d101d8,CUST-0008,Ava Taylor,Fort Worth,2026-03-29,2026-03-29T13:52:57.269604+00:00,33,Mulberry,Unknown,groceries,4.84,4,19.36,20,3.87,15.49,gift_card,ap-northeast-1,completed,4.95
9d1def5c-6896-489e-aeb8-a6b6ad48fc27,CUST-0019,Abigail Rivera,Chicago,2026-03-29,2026-03-29T13:58:55.269604+00:00,16,Apple,Unknown,groceries,1.94,2,3.88,0,0.0,3.88,credit_card,ap-northeast-1,completed,4.19
e51bc2d6-ca43-418e-8310-7d8c8a44377c,CUST-0030,Addison Wright,San Francisco,2026-03-29,2026-03-29T14:42:35.269604+00:00,7,Chanel Coco Noir Eau De,Chanel,fragrances,133.06,4,532.24,15,79.84,452.4,gift_card,us-west-2,cancelled,4.26
2ba36236-0c4f-484c-8c30-ce3668965436,CUST-0003,Sophia Brown,Washington,2026-03-29,2026-03-29T14:50:43.269604+00:00,39,Soft Drinks,Unknown,groceries,1.74,1,1.74,5,0.09,1.65,credit_card,us-east-1,completed,4.75
ee6f6847-a4cd-4187-b702-a9ac68923ea0,CUST-0026,Evelyn Gonzalez,Dallas,2026-03-29,2026-03-29T14:56:59.269604+00:00,29,Juice,Unknown,groceries,3.68,2,7.36,0,0.0,7.36,debit_card,us-east-1,completed,3.94
a27b8741-3f88-47a0-8882-2f29a7cf7e22,CUST-0006,Olivia Wilson,Fort Worth,2026-03-29,2026-03-29T15:06:14.269604+00:00,41,Tissue Paper Box,Unknown,groceries,2.74,3,8.22,0,0.0,8.22,gift_card,eu-west-1,completed,2.69
44eb9d76-800b-4964-bf59-44de372dedfe,CUST-0023,Chloe Morales,Dallas,2026-03-29,2026-03-29T15:23:49.269604+00:00,15,Wooden Bathroom Sink With Mirror,Bath Trends,furniture,764.07,1,764.07,25,191.02,573.05,buy_now_pay_later,us-west-2,completed,3.59
38a4a545-f036-4b48-9c17-77e6ac975d32,CUST-0011,Liam Garcia,Denver,2026-03-29,2026-03-29T15:25:04.269604+00:00,27,Honey Jar,Unknown,groceries,6.5,2,13.0,15,1.95,11.05,buy_now_pay_later,ap-southeast-1,completed,3.97
b4a3e5ef-1b14-4027-90a1-4536be4b37ff,CUST-0016,Avery Perez,Columbus,2026-03-29,2026-03-29T15:42:06.269604+00:00,25,Green Bell Pepper,Unknown,groceries,1.27,1,1.27,0,0.0,1.27,paypal,ap-northeast-1,completed,3.25
77fc35e6-7dad-48ea-8779-406dd8ba33e6,CUST-0011,Liam Garcia,Denver,2026-03-29,2026-03-29T16:02:41.269604+00:00,13,Bedside Table African Cherry,Furniture Co.,furniture,296.2,1,296.2,0,0.0,296.2,paypal,ap-southeast-1,completed,2.87
2a318022-995a-43b0-bc41-c99ab38c8a86,CUST-0022,Elijah Stewart,Columbus,2026-03-29,2026-03-29T16:17:24.269604+00:00,47,Table Lamp,Unknown,home-decoration,56.01,4,224.04,0,0.0,224.04,debit_card,us-west-2,completed,3.55
7375a02e-f3a1-4d09-a633-2428ad84a037,CUST-0011,Liam Garcia,Denver,2026-03-29,2026-03-29T16:20:25.269604+00:00,10,Gucci Bloom Eau de,Gucci,fragrances,69.57,1,69.57,20,13.91,55.66,buy_now_pay_later,ap-northeast-1,returned,2.74
56cf8471-1980-4e53-9868-fb8e8f0160fb,CUST-0016,Avery Perez,Columbus,2026-03-29,2026-03-29T16:26:07.269604+00:00,15,Wooden Bathroom Sink With Mirror,Bath Trends,furniture,885.43,1,885.43,0,0.0,885.43,gift_card,us-west-2,cancelled,3.59
29279b58-944e-422c-8d78-67df73deaeee,CUST-0012,Mia Rodriguez,Jacksonville,2026-03-29,2026-03-29T16:29:52.269604+00:00,43,Decoration Swing,Unknown,home-decoration,55.76,2,111.52,0,0.0,111.52,paypal,us-west-2,completed,3.16
5e540a9c-ecec-4d86-9923-df437c1a241f,CUST-0029,Henry Hill,Indianapolis,2026-03-29,2026-03-29T16:47:56.269604+00:00,50,Black Whisk,Unknown,kitchen-accessories,10.41,2,20.82,0,0.0,20.82,gift_card,ap-southeast-1,completed,3.9
2f1c1692-f4a4-4f6f-899e-567584d6cbbb,CUST-0004,James Davis,Seattle,2026-03-29,2026-03-29T17:07:31.269604+00:00,4,Red Lipstick,Chic Cosmetics,beauty,11.55,1,11.55,20,2.31,9.24,credit_card,us-east-1,completed,4.36
465c1053-1101-4398-8077-a00c1b71142c,CUST-0018,Logan Torres,Columbus,2026-03-29,2026-03-29T17:24:55.269604+00:00,35,Potatoes,Unknown,groceries,2.09,1,2.09,0,0.0,2.09,paypal,ap-southeast-1,completed,4.81
6da86e45-4cad-4e72-a9bd-986fc568ea0a,CUST-0021,Madison Collins,Philadelphia,2026-03-29,2026-03-29T18:04:52.269604+00:00,33,Mulberry,Unknown,groceries,5.07,1,5.07,5,0.25,4.82,paypal,eu-west-1,completed,4.95
dd4f3655-28bd-4908-af9e-70dffbd61046,CUST-0018,Logan Torres,Columbus,2026-03-29,2026-03-29T18:15:31.269604+00:00,50,Black Whisk,Unknown,kitchen-accessories,10.35,1,10.35,0,0.0,10.35,debit_card,ap-northeast-1,cancelled,3.9
6758fba0-10d2-45cf-879e-52d91035fda3,CUST-0026,Evelyn Gonzalez,Dallas,2026-03-29,2026-03-29T18:31:48.269604+00:00,48,Bamboo Spatula,Unknown,kitchen-accessories,6.93,5,34.65,0,0.0,34.65,paypal,us-west-2,completed,3.27
0450e3b9-dd82-461e-afe2-38d7e7c1a4d0,CUST-0020,Jackson Evans,New York,2026-03-29,2026-03-29T18:35:35.269604+00:00,43,Decoration Swing,Unknown,home-decoration,66.52,2,133.04,20,26.61,106.43,buy_now_pay_later,ap-southeast-1,completed,3.16
04c4bab6-71d7-466f-8258-4e0153241812,CUST-0027,Daniel Cook,Los Angeles,2026-03-29,2026-03-29T18:58:30.269604+00:00,6,Calvin Klein CK One,Calvin Klein,fragrances,46.06,1,46.06,0,0.0,46.06,debit_card,ap-southeast-1,completed,4.37
90474a53-e9f2-4ecc-af8a-c417275ef45a,CUST-0022,Elijah Stewart,Columbus,2026-03-29,2026-03-29T19:00:36.269604+00:00,30,Kiwi,Unknown,groceries,2.41,1,2.41,25,0.6,1.81,gift_card,eu-west-1,completed,4.93
f23b294b-428d-4b4f-bfa4-bfcff1cd0638,CUST-0001,Emily Johnson,Phoenix,2026-03-29,2026-03-29T19:06:44.269604+00:00,14,Knoll Saarinen Executive Conference Chair,Knoll,furniture,554.69,4,2218.76,0,0.0,2218.76,paypal,ap-southeast-1,completed,4.88
ccedd9b3-2757-4eca-a62b-d70b21ca82ef,CUST-0023,Chloe Morales,Dallas,2026-03-29,2026-03-29T19:33:35.269604+00:00,38,Rice,Unknown,groceries,6.28,4,25.12,0,0.0,25.12,debit_card,ap-northeast-1,cancelled,3.18
3ea50045-ac59-482f-9c25-d7965bf85976,CUST-0009,Ethan Martinez,San Antonio,2026-03-29,2026-03-29T19:41:42.269604+00:00,45,House Showpiece Plant,Unknown,home-decoration,43.49,1,43.49,0,0.0,43.49,credit_card,ap-northeast-1,completed,4.67
4b2f38fd-9dd7-4442-81f2-b6f5da0438bf,CUST-0011,Liam Garcia,Denver,2026-03-29,2026-03-29T19:49:07.269604+00:00,2,Eyeshadow Palette with Mirror,Glamour Beauty,beauty,22.65,4,90.6,0,0.0,90.6,debit_card,us-east-1,completed,2.86
f189132e-2a6c-40a7-b76e-65563a7c61ef,CUST-0002,Michael Williams,Houston,2026-03-29,2026-03-29T19:56:27.269604+00:00,22,Dog Food,Unknown,groceries,10.38,5,51.9,0,0.0,51.9,credit_card,us-west-2,completed,4.55
5d1d80d8-0c81-437f-af37-48e890a29760,CUST-0011,Liam Garcia,Denver,2026-03-29,2026-03-29T20:11:54.269604+00:00,26,Green Chili Pepper,Unknown,groceries,1.07,2,2.14,0,0.0,2.14,buy_now_pay_later,ap-northeast-1,cancelled,3.66
a4055488-09aa-4334-ae00-27643653fb64,CUST-0012,Mia Rodriguez,Jacksonville,2026-03-29,2026-03-29T20:37:10.269604+00:00,50,Black Whisk,Unknown,kitchen-accessories,8.82,2,17.64,0,0.0,17.64,buy_now_pay_later,us-east-1,completed,3.9
2ce7d745-1d1a-40d5-9289-55965e07eff3,CUST-0002,Michael Williams,Houston,2026-03-29,2026-03-29T20:50:12.269604+00:00,17,Beef Steak,Unknown,groceries,11.36,2,22.72,20,4.54,18.18,paypal,us-west-2,completed,4.47
fbd21d8d-537b-45ac-b957-777ae61687d6,CUST-0020,Jackson Evans,New York,2026-03-29,2026-03-29T20:56:31.269604+00:00,7,Chanel Coco Noir Eau De,Chanel,fragrances,127.54,3,382.62,0,0.0,382.62,paypal,us-east-1,completed,4.26
ea98f6bf-fa57-4463-81c6-f6af1a6cffaf,CUST-0026,Evelyn Gonzalez,Dallas,2026-03-29,2026-03-29T20:59:54.269604+00:00,16,Apple,Unknown,groceries,1.81,2,3.62,0,0.0,3.62,credit_card,eu-west-1,completed,4.19
85bb39be-4144-46be-bba7-22ce748b3553,CUST-0001,Emily Johnson,Phoenix,2026-03-29,2026-03-29T21:01:55.269604+00:00,7,Chanel Coco Noir Eau De,Chanel,fragrances,112.98,3,338.94,10,33.89,305.05,buy_now_pay_later,us-east-1,completed,4.26
e6f9e721-dd91-4872-9b67-9d19a6e443ec,CUST-0017,Evelyn Sanchez,San Diego,2026-03-29,2026-03-29T21:04:22.269604+00:00,23,Eggs,Unknown,groceries,2.95,1,2.95,0,0.0,2.95,buy_now_pay_later,us-east-1,cancelled,2.53
0c56958c-04cd-46ab-9b5e-8108f0590c03,CUST-0022,Elijah Stewart,Columbus,2026-03-29,2026-03-29T21:08:54.269604+00:00,5,Red Nail Polish,Nail Couture,beauty,8.02,4,32.08,20,6.42,25.66,buy_now_pay_later,eu-west-1,cancelled,4.32
8b40301a-6d8d-458e-8845-167542a4a293,CUST-0026,Evelyn Gonzalez,Dallas,2026-03-29,2026-03-29T21:09:52.269604+00:00,41,Tissue Paper Box,Unknown,groceries,2.33,1,2.33,0,0.0,2.33,gift_card,ap-southeast-1,completed,2.69
7add0d60-797f-40ab-a597-7c4f1ea48a7b,CUST-0026,Evelyn Gonzalez,Dallas,2026-03-29,2026-03-29T21:18:45.269604+00:00,38,Rice,Unknown,groceries,5.21,1,5.21,0,0.0,5.21,buy_now_pay_later,eu-west-1,completed,3.18
4e29596e-86ed-46b6-b2b7-ea2e52ed67ad,CUST-0015,William Gonzalez,San Jose,2026-03-29,2026-03-29T21:19:53.269604+00:00,34,Nescafe Coffee,Unknown,groceries,8.63,4,34.52,0,0.0,34.52,paypal,eu-west-1,completed,4.82
41e80e79-40d0-4088-ad98-6a31da861d79,CUST-0003,Sophia Brown,Washington,2026-03-29,2026-03-29T21:34:11.269604+00:00,4,Red Lipstick,Chic Cosmetics,beauty,13.94,2,27.88,15,4.18,23.7,paypal,us-west-2,completed,4.36
19933665-e6bc-4a6f-960c-80df0dcdfa97,CUST-0018,Logan Torres,Columbus,2026-03-29,2026-03-29T21:40:00.269604+00:00,26,Green Chili Pepper,Unknown,groceries,0.89,1,0.89,5,0.04,0.85,paypal,us-east-1,completed,3.66
298312f9-e439-42ee-a747-e97791b9b9c2,CUST-0025,Harper Kelly,Philadelphia,2026-03-29,2026-03-29T21:44:14.269604+00:00,16,Apple,Unknown,groceries,2.08,5,10.4,0,0.0,10.4,paypal,ap-southeast-1,completed,4.19
acd24660-2978-4b0f-9c10-6b25bf28e1df,CUST-0007,Alexander Jones,Indianapolis,2026-03-29,2026-03-29T22:04:18.269604+00:00,9,Dolce Shine Eau de,Dolce & Gabbana,fragrances,62.04,1,62.04,0,0.0,62.04,paypal,us-east-1,completed,3.96
d9bd0c51-0ab8-4d9e-9796-8ddcab5614bf,CUST-0003,Sophia Brown,Washington,2026-03-29,2026-03-29T22:08:42.269604+00:00,41,Tissue Paper Box,Unknown,groceries,2.79,3,8.37,10,0.84,7.53,credit_card,us-west-2,completed,2.69
03790ef1-30e1-4a30-9f6e-4d88e0517fb4,CUST-0002,Michael Williams,Houston,2026-03-29,2026-03-29T22:12:13.269604+00:00,6,Calvin Klein CK One,Calvin Klein,fragrances,57.1,1,57.1,25,14.28,42.82,buy_now_pay_later,ap-southeast-1,completed,4.37
e8a1e890-0560-468f-8dbb-afcebdb1047e,CUST-0001,Emily Johnson,Phoenix,2026-03-29,2026-03-29T22:22:37.269604+00:00,47,Table Lamp,Unknown,home-decoration,49.67,1,49.67,20,9.93,39.74,buy_now_pay_later,us-west-2,returned,3.55
173b4df1-c75e-4a19-a112-eb8db92d46e5,CUST-0023,Chloe Morales,Dallas,2026-03-29,2026-03-29T22:24:11.269604+00:00,31,Lemon,Unknown,groceries,0.68,1,0.68,0,0.0,0.68,credit_card,ap-southeast-1,completed,3.53
b3284472-4a03-4beb-bd04-a25d5d9bb537,CUST-0025,Harper Kelly,Philadelphia,2026-03-29,2026-03-29T22:51:00.269604+00:00,7,Chanel Coco Noir Eau De,Chanel,fragrances,127.3,3,381.9,25,95.47,286.43,paypal,us-east-1,completed,4.26
b4e8c6a5-c5d5-4bf3-bf4f-316087dbff15,CUST-0011,Liam Garcia,Denver,2026-03-29,2026-03-29T23:09:34.269604+00:00,32,Milk,Unknown,groceries,3.2,1,3.2,0,0.0,3.2,debit_card,ap-southeast-1,completed,2.61
86a47e8f-e133-474c-acce-4b0f27f60609,CUST-0015,William Gonzalez,San Jose,2026-03-29,2026-03-29T23:11:52.269604+00:00,37,Red Onions,Unknown,groceries,2.18,4,8.72,0,0.0,8.72,gift_card,eu-west-1,completed,4.2
527fda9f-df05-4a46-988e-8430c01cdbf1,CUST-0029,Henry Hill,Indianapolis,2026-03-29,2026-03-29T23:12:52.269604+00:00,40,Strawberry,Unknown,groceries,4.34,2,8.68,25,2.17,6.51,debit_card,eu-west-1,completed,3.08
2b04b357-9fa5-4f7a-9af7-6a88e970d854,CUST-0004,James Davis,Seattle,2026-03-29,2026-03-29T23:22:05.269604+00:00,28,Ice Cream,Unknown,groceries,5.61,2,11.22,0,0.0,11.22,credit_card,eu-west-1,completed,3.39
40fd3340-94ce-4113-a4ca-14b2f5f6e7e5,CUST-0013,Noah Hernandez,New York,2026-03-29,2026-03-29T23:39:34.269604+00:00,28,Ice Cream,Unknown,groceries,5.82,1,5.82,0,0.0,5.82,gift_card,ap-southeast-1,cancelled,3.39
1a326ca5-3f94-4441-abaa-7db412368da3,CUST-0011,Liam Garcia,Denver,2026-03-29,2026-03-29T23:44:02.269604+00:00,14,Knoll Saarinen Executive Conference Chair,Knoll,furniture,553.9,1,553.9,5,27.7,526.2,credit_card,eu-west-1,cancelled,4.88
c3029cdf-5a3c-4cda-9b28-0ac214f99bbb,CUST-0006,Olivia Wilson,Fort Worth,2026-03-29,2026-03-29T23:46:14.269604+00:00,42,Water,Unknown,groceries,1.14,3,3.42,0,0.0,3.42,gift_card,ap-southeast-1,completed,4.96
25320864-93ad-4ea9-adab-e7aceac8e14f,CUST-0006,Olivia Wilson,Fort Worth,2026-03-29,2026-03-29T23:58:49.269604+00:00,13,Bedside Table African Cherry,Furniture Co.,furniture,295.92,1,295.92,0,0.0,295.92,buy_now_pay_later,us-east-1,completed,2.87
ad9692d4-f3f7-4fd9-9c33-874d14b28269,CUST-0020,Jackson Evans,New York,2026-03-30,2026-03-30T00:24:46.269604+00:00,3,Powder Canister,Velvet Touch,beauty,16.1,4,64.4,0,0.0,64.4,credit_card,us-east-1,completed,4.64
8fdb3bac-b408-460d-81d7-e5b34091bf2f,CUST-0010,Isabella Anderson,New York,2026-03-30,2026-03-30T00:29:06.269604+00:00,4,Red Lipstick,Chic Cosmetics,beauty,14.68,1,14.68,5,0.73,13.95,debit_card,us-west-2,completed,4.36
8c61540c-b6ca-4002-84ab-162227c31481,CUST-0005,Emma Miller,Jacksonville,2026-03-30,2026-03-30T00:35:06.269604+00:00,24,Fish Steak,Unknown,groceries,15.9,1,15.9,0,0.0,15.9,credit_card,eu-west-1,completed,3.78
603c1ee5-5bed-4363-9d2d-d28ed586d3ec,CUST-0030,Addison Wright,San Francisco,2026-03-30,2026-03-30T00:36:49.269604+00:00,27,Honey Jar,Unknown,groceries,7.59,1,7.59,0,0.0,7.59,gift_card,ap-northeast-1,completed,3.97
1d397d77-107d-4410-98d2-aa623284b366,CUST-0025,Harper Kelly,Philadelphia,2026-03-30,2026-03-30T00:39:00.269604+00:00,26,Green Chili Pepper,Unknown,groceries,1.14,2,2.28,10,0.23,2.05,buy_now_pay_later,us-east-1,completed,3.66
48cb02da-e6f9-449b-92b9-a626adb5df3d,CUST-0023,Chloe Morales,Dallas,2026-03-30,2026-03-30T00:44:38.269604+00:00,50,Black Whisk,Unknown,kitchen-accessories,9.28,2,18.56,0,0.0,18.56,paypal,us-west-2,completed,3.9
717e69a5-f370-4c7e-bce9-a1a724309935,CUST-0011,Liam Garcia,Denver,2026-03-30,2026-03-30T00:45:29.269604+00:00,44,Family Tree Photo Frame,Unknown,home-decoration,29.97,2,59.94,15,8.99,50.95,paypal,us-east-1,completed,4.53
d63d8739-4e19-48a9-8c97-31f28704b9d2,CUST-0008,Ava Taylor,Fort Worth,2026-03-30,2026-03-30T01:02:18.269604+00:00,29,Juice,Unknown,groceries,4.12,1,4.12,5,0.21,3.91,buy_now_pay_later,us-west-2,completed,3.94
6ce35ba2-187a-47f4-869c-ab34a89dedcb,CUST-0011,Liam Garcia,Denver,2026-03-30,2026-03-30T01:18:28.269604+00:00,2,Eyeshadow Palette with Mirror,Glamour Beauty,beauty,22.22,1,22.22,10,2.22,20.0,buy_now_pay_later,eu-west-1,cancelled,2.86
84dd04cd-dbee-4205-98da-f4791fa88578,CUST-0026,Evelyn Gonzalez,Dallas,2026-03-30,2026-03-30T01:18:50.269604+00:00,12,Annibale Colombo Sofa,Annibale Colombo,furniture,2786.05,1,2786.05,25,696.51,2089.54,debit_card,eu-west-1,completed,3.92
07832345-67d9-43ad-b2d9-3490b5bf733b,CUST-0012,Mia Rodriguez,Jacksonville,2026-03-30,2026-03-30T01:27:25.269604+00:00,31,Lemon,Unknown,groceries,0.8,3,2.4,5,0.12,2.28,paypal,us-west-2,completed,3.53
f08e899b-9acc-4bf1-baf3-e696bb91e47f,CUST-0028,Lily Lee,Phoenix,2026-03-30,2026-03-30T01:31:30.269604+00:00,21,Cucumber,Unknown,groceries,1.65,4,6.6,20,1.32,5.28,paypal,eu-west-1,completed,4.07
e15589bb-ccc2-404d-92b2-23ae96c1838f,CUST-0005,Emma Miller,Jacksonville,2026-03-30,2026-03-30T01:40:38.269604+00:00,45,House Showpiece Plant,Unknown,home-decoration,35.31,1,35.31,0,0.0,35.31,debit_card,ap-southeast-1,completed,4.67
6eb825e4-75f5-498e-b80d-a027308a5a66,CUST-0004,James Davis,Seattle,2026-03-30,2026-03-30T01:46:35.269604+00:00,43,Decoration Swing,Unknown,home-decoration,67.28,1,67.28,0,0.0,67.28,paypal,ap-southeast-1,completed,3.16
2e76f3ec-7249-4833-93d5-527b0c6188e1,CUST-0004,James Davis,Seattle,2026-03-30,2026-03-30T01:51:30.269604+00:00,18,Cat Food,Unknown,groceries,9.74,1,9.74,15,1.46,8.28,gift_card,eu-west-1,completed,3.13
c5071138-bfa9-4d0c-af8b-67df1f152691,CUST-0017,Evelyn Sanchez,San Diego,2026-03-30,2026-03-30T01:54:34.269604+00:00,19,Chicken Meat,Unknown,groceries,9.9,1,9.9,0,0.0,9.9,buy_now_pay_later,us-west-2,completed,3.19
8d2673ff-bc9d-4a82-97f7-14a47e100098,CUST-0010,Isabella Anderson,New York,2026-03-30,2026-03-30T01:55:29.269604+00:00,6,Calvin Klein CK One,Calvin Klein,fragrances,51.44,3,154.32,0,0.0,154.32,gift_card,us-east-1,completed,4.37
8f0353d9-a7d3-4e63-8c40-d3ad46af5924,CUST-0011,Liam Garcia,Denver,2026-03-30,2026-03-30T01:57:35.269604+00:00,47,Table Lamp,Unknown,home-decoration,49.53,3,148.59,0,0.0,148.59,credit_card,ap-northeast-1,completed,3.55
85d22d0d-80dd-44bb-9f2e-6943721f3abb,CUST-0029,Henry Hill,Indianapolis,2026-03-30,2026-03-30T02:02:11.269604+00:00,11,Annibale Colombo Bed,Annibale Colombo,furniture,2074.22,5,10371.1,0,0.0,10371.1,debit_card,ap-northeast-1,cancelled,4.77
bd7d81c9-8697-4171-a397-e79dcd0b0320,CUST-0015,William Gonzalez,San Jose,2026-03-30,2026-03-30T02:06:30.269604+00:00,2,Eyeshadow Palette with Mirror,Glamour Beauty,beauty,17.27,5,86.35,15,12.95,73.4,buy_now_pay_later,us-west-2,completed,2.86
cfdb6aa2-c6a1-402f-98d7-9394585e5202,CUST-0003,Sophia Brown,Washington,2026-03-30,2026-03-30T02:13:58.269604+00:00,10,Gucci Bloom Eau de,Gucci,fragrances,73.54,2,147.08,25,36.77,110.31,gift_card,eu-west-1,completed,2.74
2b1de808-adc3-421f-9d3d-612bf3f9dec0,CUST-0024,Mateo Nguyen,Columbus,2026-03-30,2026-03-30T02:26:56.269604+00:00,29,Juice,Unknown,groceries,4.44,1,4.44,25,1.11,3.33,gift_card,eu-west-1,completed,3.94
89fa135d-0c4d-4873-9871-67de66e3bb3b,CUST-0005,Emma Miller,Jacksonville,2026-03-30,2026-03-30T02:31:14.269604+00:00,47,Table Lamp,Unknown,home-decoration,55.76,2,111.52,0,0.0,111.52,gift_card,ap-northeast-1,completed,3.55
d3fea08e-4f15-41a0-a6bd-524d32694434,CUST-0029,Henry Hill,Indianapolis,2026-03-30,2026-03-30T02:32:56.269604+00:00,30,Kiwi,Unknown,groceries,2.71,1,2.71,10,0.27,2.44,paypal,us-east-1,cancelled,4.93
52e22c0f-5e9f-44ca-b24d-7f14d500c185,CUST-0006,Olivia Wilson,Fort Worth,2026-03-30,2026-03-30T02:41:04.269604+00:00,43,Decoration Swing,Unknown,home-decoration,61.53,2,123.06,0,0.0,123.06,credit_card,us-west-2,completed,3.16
873673cb-5201-4639-8b61-ef49d6b82bcc,CUST-0022,Elijah Stewart,Columbus,2026-03-30,2026-03-30T02:59:35.269604+00:00,46,Plant Pot,Unknown,home-decoration,13.26,1,13.26,5,0.66,12.6,buy_now_pay_later,eu-west-1,completed,3.01
4ffd30c9-a10f-4da6-9370-26e83ecf5ead,CUST-0018,Logan Torres,Columbus,2026-03-30,2026-03-30T03:28:24.269604+00:00,9,Dolce Shine Eau de,Dolce & Gabbana,fragrances,67.65,1,67.65,25,16.91,50.74,buy_now_pay_later,us-west-2,cancelled,3.96
b408aa49-9f35-4794-834d-9ceb29913809,CUST-0026,Evelyn Gonzalez,Dallas,2026-03-30,2026-03-30T03:30:23.269604+00:00,18,Cat Food,Unknown,groceries,8.15,3,24.45,0,0.0,24.45,buy_now_pay_later,us-east-1,completed,3.13
87c645f6-4090-4f0a-bd98-c3e777aafd18,CUST-0023,Chloe Morales,Dallas,2026-03-30,2026-03-30T03:32:38.269604+00:00,10,Gucci Bloom Eau de,Gucci,fragrances,72.29,4,289.16,0,0.0,289.16,debit_card,eu-west-1,completed,2.74
3db1de94-3cdc-47f4-8bcf-a38455eebb11,CUST-0028,Lily Lee,Phoenix,2026-03-30,2026-03-30T04:26:53.269604+00:00,11,Annibale Colombo Bed,Annibale Colombo,furniture,1626.23,1,1626.23,5,81.31,1544.92,buy_now_pay_later,ap-northeast-1,cancelled,4.77
d931b731-b580-4cfd-99fc-190a06d8be2e,CUST-0019,Abigail Rivera,Chicago,2026-03-30,2026-03-30T04:37:19.269604+00:00,13,Bedside Table African Cherry,Furniture Co.,furniture,299.06,3,897.18,5,44.86,852.32,credit_card,ap-southeast-1,completed,2.87
a30d8fd9-709b-4e9d-a192-830da096b86e,CUST-0018,Logan Torres,Columbus,2026-03-30,2026-03-30T04:49:44.269604+00:00,32,Milk,Unknown,groceries,3.53,2,7.06,0,0.0,7.06,gift_card,us-west-2,completed,2.61
bb7c0c35-98dc-41da-8df8-23a4ce3afe53,CUST-0016,Avery Perez,Columbus,2026-03-30,2026-03-30T04:52:34.269604+00:00,18,Cat Food,Unknown,groceries,8.91,2,17.82,0,0.0,17.82,debit_card,ap-southeast-1,completed,3.13
39766d9e-a1d6-4b88-a91b-af31d7ccb7e4,CUST-0008,Ava Taylor,Fort Worth,2026-03-30,2026-03-30T05:05:52.269604+00:00,13,Bedside Table African Cherry,Furniture Co.,furniture,285.47,2,570.94,0,0.0,570.94,gift_card,eu-west-1,completed,2.87
f79391bb-8784-4d8c-9329-749365108062,CUST-0015,William Gonzalez,San Jose,2026-03-30,2026-03-30T05:30:33.269604+00:00,21,Cucumber,Unknown,groceries,1.31,1,1.31,0,0.0,1.31,debit_card,ap-southeast-1,completed,4.07
d177cead-11ec-49d7-bd3b-b51606d13dfe,CUST-0018,Logan Torres,Columbus,2026-03-30,2026-03-30T05:34:58.269604+00:00,48,Bamboo Spatula,Unknown,kitchen-accessories,7.38,1,7.38,0,0.0,7.38,gift_card,us-west-2,completed,3.27
ca23f7e0-c0d8-4f9d-bf12-d7355d254fee,CUST-0013,Noah Hernandez,New York,2026-03-30,2026-03-30T05:40:07.269604+00:00,37,Red Onions,Unknown,groceries,1.95,2,3.9,5,0.2,3.7,debit_card,eu-west-1,completed,4.2
20445703-6d0b-4eb1-80d3-73f13e36154c,CUST-0025,Harper Kelly,Philadelphia,2026-03-30,2026-03-30T05:51:39.269604+00:00,50,Black Whisk,Unknown,kitchen-accessories,9.39,1,9.39,0,0.0,9.39,buy_now_pay_later,us-east-1,completed,3.9
09da6dfb-073e-4e6f-a088-4b0a57d20b0e,CUST-0001,Emily Johnson,Phoenix,2026-03-30,2026-03-30T06:46:02.269604+00:00,45,House Showpiece Plant,Unknown,home-decoration,45.05,4,180.2,5,9.01,171.19,paypal,ap-northeast-1,completed,4.67
2052298a-0635-402b-a15b-81ce34bd59a0,CUST-0014,Charlotte Lopez,Columbus,2026-03-30,2026-03-30T06:48:42.269604+00:00,23,Eggs,Unknown,groceries,3.35,2,6.7,0,0.0,6.7,paypal,ap-northeast-1,completed,2.53
e71de6f7-e67c-40a7-945a-addf42295460,CUST-0001,Emily Johnson,Phoenix,2026-03-30,2026-03-30T07:04:35.269604+00:00,49,Black Aluminium Cup,Unknown,kitchen-accessories,5.3,1,5.3,0,0.0,5.3,buy_now_pay_later,ap-southeast-1,completed,4.46
ae69f330-e9d1-4aa7-a30d-cbde5dfcc8f5,CUST-0011,Liam Garcia,Denver,2026-03-30,2026-03-30T07:42:28.269604+00:00,3,Powder Canister,Velvet Touch,beauty,14.08,1,14.08,25,3.52,10.56,debit_card,eu-west-1,completed,4.64
3496b083-ea08-4adb-8bf1-d5603d084f05,CUST-0021,Madison Collins,Philadelphia,2026-03-30,2026-03-30T07:51:09.269604+00:00,4,Red Lipstick,Chic Cosmetics,beauty,14.41,1,14.41,0,0.0,14.41,paypal,us-east-1,completed,4.36
e44a4016-92db-4a1c-ba1f-9f871ddc99b4,CUST-0020,Jackson Evans,New York,2026-03-30,2026-03-30T07:51:50.269604+00:00,31,Lemon,Unknown,groceries,0.84,1,0.84,20,0.17,0.67,debit_card,us-east-1,completed,3.53
c73711d4-193d-46b9-8cc5-28b2f39f2cc9,CUST-0011,Liam Garcia,Denver,2026-03-30,2026-03-30T07:52:40.269604+00:00,1,Essence Mascara Lash Princess,Essence,beauty,10.68,2,21.36,0,0.0,21.36,buy_now_pay_later,us-west-2,completed,2.56
221d29e8-a0b1-426e-9dbe-b98b74929811,CUST-0030,Addison Wright,San Francisco,2026-03-30,2026-03-30T07:56:47.269604+00:00,47,Table Lamp,Unknown,home-decoration,56.79,1,56.79,0,0.0,56.79,credit_card,ap-southeast-1,completed,3.55
d49c7016-5cec-42aa-8565-132d3da9bdc0,CUST-0030,Addison Wright,San Francisco,2026-03-30,2026-03-30T08:01:02.269604+00:00,44,Family Tree Photo Frame,Unknown,home-decoration,33.39,1,33.39,20,6.68,26.71,paypal,us-east-1,completed,4.53
e27c8fa0-b02b-4fae-9f57-cdd035e82cb0,CUST-0018,Logan Torres,Columbus,2026-03-30,2026-03-30T08:25:36.269604+00:00,2,Eyeshadow Palette with Mirror,Glamour Beauty,beauty,18.46,3,55.38,5,2.77,52.61,gift_card,us-east-1,completed,2.86
c0cbf3a2-0d8c-4920-9921-a34f44448f31,CUST-0003,Sophia Brown,Washington,2026-03-30,2026-03-30T08:35:43.269604+00:00,11,Annibale Colombo Bed,Annibale Colombo,furniture,2071.74,2,4143.48,25,1035.87,3107.61,credit_card,us-west-2,completed,4.77
a59ca376-4956-48f4-b04b-7be4822fae2e,CUST-0027,Daniel Cook,Los Angeles,2026-03-30,2026-03-30T08:49:01.269604+00:00,6,Calvin Klein CK One,Calvin Klein,fragrances,53.94,1,53.94,10,5.39,48.55,credit_card,us-west-2,completed,4.37
2a34a1ff-d1b9-4afb-8f9e-4b41137916a8,CUST-0006,Olivia Wilson,Fort Worth,2026-03-30,2026-03-30T08:52:31.269604+00:00,39,Soft Drinks,Unknown,groceries,1.92,1,1.92,25,0.48,1.44,credit_card,ap-southeast-1,completed,4.75
d0375425-26bc-4025-8d66-64c9810f5f90,CUST-0005,Emma Miller,Jacksonville,2026-03-30,2026-03-30T09:01:15.269604+00:00,24,Fish Steak,Unknown,groceries,15.05,2,30.1,0,0.0,30.1,credit_card,us-west-2,completed,3.78
ce600f79-620c-48a7-8731-0c3d0fb4d763,CUST-0023,Chloe Morales,Dallas,2026-03-30,2026-03-30T09:05:31.269604+00:00,2,Eyeshadow Palette with Mirror,Glamour Beauty,beauty,18.11,1,18.11,0,0.0,18.11,credit_card,us-west-2,completed,2.86
b34b6015-6b43-4dd2-8c14-1736b817f4ef,CUST-0018,Logan Torres,Columbus,2026-03-30,2026-03-30T09:33:00.269604+00:00,28,Ice Cream,Unknown,groceries,6.14,1,6.14,5,0.31,5.83,credit_card,us-west-2,completed,3.39
ec81cfcf-8752-4c95-94cd-6e31c161bd81,CUST-0008,Ava Taylor,Fort Worth,2026-03-30,2026-03-30T09:36:25.269604+00:00,10,Gucci Bloom Eau de,Gucci,fragrances,88.09,3,264.27,0,0.0,264.27,debit_card,us-west-2,completed,2.74
f6a31fa3-ab50-4a8b-82ce-a44c065494ea,CUST-0006,Olivia Wilson,Fort Worth,2026-03-30,2026-03-30T09:43:14.269604+00:00,25,Green Bell Pepper,Unknown,groceries,1.25,5,6.25,0,0.0,6.25,credit_card,ap-southeast-1,completed,3.25
e4608627-3845-411b-8c2d-cac9f27ba80c,CUST-0002,Michael Williams,Houston,2026-03-30,2026-03-30T09:57:04.269604+00:00,8,Dior J'adore,Dior,fragrances,83.72,2,167.44,0,0.0,167.44,buy_now_pay_later,us-west-2,completed,3.8
7ead9c08-5c7c-47d7-8059-4e4403a4d1c0,CUST-0030,Addison Wright,San Francisco,2026-03-30,2026-03-30T10:09:59.269604+00:00,49,Black Aluminium Cup,Unknown,kitchen-accessories,6.85,2,13.7,0,0.0,13.7,paypal,us-east-1,completed,4.46
e4ac7269-edbb-4ad1-b771-37af4ed713c3,CUST-0025,Harper Kelly,Philadelphia,2026-03-30,2026-03-30T10:18:09.269604+00:00,30,Kiwi,Unknown,groceries,2.22,1,2.22,10,0.22,2.0,buy_now_pay_later,ap-northeast-1,completed,4.93
de758e48-f27d-4b28-83c3-1289ea10c3de,CUST-0021,Madison Collins,Philadelphia,2026-03-30,2026-03-30T10:32:41.269604+00:00,45,House Showpiece Plant,Unknown,home-decoration,34.32,1,34.32,20,6.86,27.46,debit_card,us-east-1,completed,4.67
6c189ad2-f6b6-4fe7-98cd-a64917a67722,CUST-0023,Chloe Morales,Dallas,2026-03-30,2026-03-30T10:40:30.269604+00:00,33,Mulberry,Unknown,groceries,5.22,1,5.22,5,0.26,4.96,gift_card,us-west-2,completed,4.95
997fd3e7-55a9-48c7-9f39-a2bbb0f45102,CUST-0022,Elijah Stewart,Columbus,2026-03-30,2026-03-30T10:42:19.269604+00:00,21,Cucumber,Unknown,groceries,1.49,1,1.49,5,0.07,1.42,debit_card,ap-northeast-1,completed,4.07
7d003c57-4ee0-498c-ac9c-9dc8d6b904e0,CUST-0027,Daniel Cook,Los Angeles,2026-03-30,2026-03-30T11:15:11.269604+00:00,28,Ice Cream,Unknown,groceries,5.31,2,10.62,15,1.59,9.03,buy_now_pay_later,eu-west-1,cancelled,3.39
e2ad3d49-0697-4d12-bfa7-6453078723d9,CUST-0007,Alexander Jones,Indianapolis,2026-03-30,2026-03-30T11:20:54.269604+00:00,6,Calvin Klein CK One,Calvin Klein,fragrances,43.87,1,43.87,0,0.0,43.87,credit_card,eu-west-1,completed,4.37
bcfb50fa-3037-41ff-97a4-8d6dcd955272,CUST-0013,Noah Hernandez,New York,2026-03-30,2026-03-30T11:21:21.269604+00:00,18,Cat Food,Unknown,groceries,10.07,2,20.14,0,0.0,20.14,debit_card,ap-northeast-1,cancelled,3.13
0bd6d7b8-2506-4f4e-88e5-37398a752803,CUST-0024,Mateo Nguyen,Columbus,2026-03-30,2026-03-30T11:22:33.269604+00:00,12,Annibale Colombo Sofa,Annibale Colombo,furniture,2701.86,1,2701.86,0,0.0,2701.86,paypal,us-west-2,completed,3.92
74d85c40-53cc-40be-a538-f0042d5a9a71,CUST-0005,Emma Miller,Jacksonville,2026-03-30,2026-03-30T11:29:27.269604+00:00,1,Essence Mascara Lash Princess,Essence,beauty,10.71,2,21.42,15,3.21,18.21,paypal,us-west-2,cancelled,2.56
29377a8b-7674-40bc-b2f8-5b13f9dc82c8,CUST-0013,Noah Hernandez,New York,2026-03-30,2026-03-30T11:38:19.269604+00:00,49,Black Aluminium Cup,Unknown,kitchen-accessories,5.36,1,5.36,10,0.54,4.82,debit_card,us-west-2,completed,4.46
0c32690b-8405-47c7-ba3b-193229d7161b,CUST-0012,Mia Rodriguez,Jacksonville,2026-03-30,2026-03-30T12:00:29.269604+00:00,36,Protein Powder,Unknown,groceries,21.23,2,42.46,0,0.0,42.46,buy_now_pay_later,us-west-2,completed,4.18
7124a535-f4d7-4e51-9e5d-3a554d741143,CUST-0024,Mateo Nguyen,Columbus,2026-03-30,2026-03-30T12:09:13.269604+00:00,24,Fish Steak,Unknown,groceries,15.78,1,15.78,5,0.79,14.99,debit_card,ap-northeast-1,completed,3.78
61dfbd8e-72e7-4b53-93b1-b62a57dc72ff,CUST-0029,Henry Hill,Indianapolis,2026-03-30,2026-03-30T12:36:46.269604+00:00,49,Black Aluminium Cup,Unknown,kitchen-accessories,5.84,4,23.36,20,4.67,18.69,gift_card,ap-northeast-1,returned,4.46
53c2ee55-fc10-466b-9e15-817cd011c192,CUST-0009,Ethan Martinez,San Antonio,2026-03-30,2026-03-30T12:41:58.269604+00:00,47,Table Lamp,Unknown,home-decoration,51.38,1,51.38,0,0.0,51.38,debit_card,ap-southeast-1,completed,3.55
2d624adf-2b10-4948-aaa2-7e51317bcd0a,CUST-0012,Mia Rodriguez,Jacksonville,2026-03-30,2026-03-30T13:01:16.269604+00:00,46,Plant Pot,Unknown,home-decoration,12.88,1,12.88,5,0.64,12.24,paypal,us-west-2,completed,3.01
540a4afd-3e93-4bb5-a2a2-9bc618129adf,CUST-0001,Emily Johnson,Phoenix,2026-03-30,2026-03-30T13:03:50.269604+00:00,22,Dog Food,Unknown,groceries,11.42,1,11.42,20,2.28,9.14,paypal,us-west-2,completed,4.55
d0339674-fe1f-443e-83f2-9bfa557670fc,CUST-0021,Madison Collins,Philadelphia,2026-03-30,2026-03-30T13:28:08.269604+00:00,45,House Showpiece Plant,Unknown,home-decoration,36.2,1,36.2,20,7.24,28.96,paypal,ap-southeast-1,completed,4.67
63841515-4155-4607-9bd4-f483035a4365,CUST-0012,Mia Rodriguez,Jacksonville,2026-03-30,2026-03-30T13:33:24.269604+00:00,34,Nescafe Coffee,Unknown,groceries,7.62,5,38.1,10,3.81,34.29,paypal,eu-west-1,completed,4.82
6711cafc-901c-4d19-a66a-0ea82c4d9123,CUST-0016,Avery Perez,Columbus,2026-03-30,2026-03-30T13:38:27.269604+00:00,20,Cooking Oil,Unknown,groceries,5.16,4,20.64,10,2.06,18.58,buy_now_pay_later,ap-southeast-1,completed,4.8
2f0712df-3616-492d-9ddb-b52ff720c960,CUST-0005,Emma Miller,Jacksonville,2026-03-30,2026-03-30T13:54:57.269604+00:00,24,Fish Steak,Unknown,groceries,15.51,1,15.51,0,0.0,15.51,buy_now_pay_later,eu-west-1,completed,3.78
72e333a4-72ec-4686-8418-20647b5d9f3b,CUST-0030,Addison Wright,San Francisco,2026-03-30,2026-03-30T13:55:10.269604+00:00,38,Rice,Unknown,groceries,5.96,3,17.88,0,0.0,17.88,debit_card,ap-southeast-1,completed,3.18
a8805caf-c0c5-4975-8cb1-5d45f010eeba,CUST-0011,Liam Garcia,Denver,2026-03-30,2026-03-30T13:55:18.269604+00:00,26,Green Chili Pepper,Unknown,groceries,0.85,1,0.85,25,0.21,0.64,gift_card,ap-northeast-1,completed,3.66
7ccec3c3-1aa5-4560-b09f-092ac42acb61,CUST-0016,Avery Perez,Columbus,2026-03-30,2026-03-30T13:58:47.269604+00:00,28,Ice Cream,Unknown,groceries,5.11,1,5.11,25,1.28,3.83,buy_now_pay_later,eu-west-1,completed,3.39
31513415-925c-40b2-9660-4c93b458b6e3,CUST-0015,William Gonzalez,San Jose,2026-03-30,2026-03-30T14:21:51.269604+00:00,41,Tissue Paper Box,Unknown,groceries,2.7,1,2.7,0,0.0,2.7,credit_card,ap-southeast-1,completed,2.69
c68af665-a3d4-4713-862d-1346edfe9b62,CUST-0008,Ava Taylor,Fort Worth,2026-03-30,2026-03-30T14:25:56.269604+00:00,5,Red Nail Polish,Nail Couture,beauty,9.59,1,9.59,0,0.0,9.59,paypal,eu-west-1,cancelled,4.32
6999215c-a693-4178-ab76-4aa3e33bcf74,CUST-0017,Evelyn Sanchez,San Diego,2026-03-30,2026-03-30T14:30:05.269604+00:00,3,Powder Canister,Velvet Touch,beauty,12.95,1,12.95,0,0.0,12.95,debit_card,ap-northeast-1,completed,4.64
4f2e710d-9caa-405d-baa8-6e3c02139595,CUST-0011,Liam Garcia,Denver,2026-03-30,2026-03-30T14:39:48.269604+00:00,5,Red Nail Polish,Nail Couture,beauty,8.12,4,32.48,5,1.62,30.86,debit_card,ap-southeast-1,returned,4.32
34f5b5d3-f855-4c50-8798-ec745c8782ce,CUST-0007,Alexander Jones,Indianapolis,2026-03-30,2026-03-30T14:39:54.269604+00:00,7,Chanel Coco Noir Eau De,Chanel,fragrances,141.67,2,283.34,0,0.0,283.34,credit_card,eu-west-1,completed,4.26
c2494f78-f075-4f06-8c75-35c8f4dabf81,CUST-0019,Abigail Rivera,Chicago,2026-03-30,2026-03-30T14:50:37.269604+00:00,17,Beef Steak,Unknown,groceries,11.96,1,11.96,0,0.0,11.96,credit_card,us-east-1,completed,4.47
1bc0d2dc-42ca-451e-881d-38a295317df4,CUST-0003,Sophia Brown,Washington,2026-03-30,2026-03-30T14:55:36.269604+00:00,30,Kiwi,Unknown,groceries,2.83,1,2.83,0,0.0,2.83,paypal,us-east-1,cancelled,4.93
d219f7a2-00f8-4d16-b48e-45e2a9038c29,CUST-0001,Emily Johnson,Phoenix,2026-03-30,2026-03-30T14:58:59.269604+00:00,8,Dior J'adore,Dior,fragrances,100.75,4,403.0,0,0.0,403.0,gift_card,ap-southeast-1,completed,3.8
6e062043-febe-42e8-9a3e-b9455e03db1c,CUST-0006,Olivia Wilson,Fort Worth,2026-03-30,2026-03-30T15:03:44.269604+00:00,33,Mulberry,Unknown,groceries,4.94,1,4.94,0,0.0,4.94,paypal,us-west-2,completed,4.95
d6a3d23f-a3b4-476c-a9b7-04edd8e77b79,CUST-0003,Sophia Brown,Washington,2026-03-30,2026-03-30T15:06:53.269604+00:00,33,Mulberry,Unknown,groceries,4.57,2,9.14,0,0.0,9.14,gift_card,ap-northeast-1,completed,4.95
650bffed-62e9-4ff8-8b57-edb11f61ad99,CUST-0006,Olivia Wilson,Fort Worth,2026-03-30,2026-03-30T15:10:10.269604+00:00,42,Water,Unknown,groceries,1.14,1,1.14,20,0.23,0.91,buy_now_pay_later,ap-northeast-1,completed,4.96
a369f78f-fd90-41f1-9675-931e4d41c264,CUST-0012,Mia Rodriguez,Jacksonville,2026-03-30,2026-03-30T15:18:09.269604+00:00,1,Essence Mascara Lash Princess,Essence,beauty,11.04,3,33.12,0,0.0,33.12,debit_card,ap-southeast-1,completed,2.56
5a5408ce-d017-4f70-b1f0-9a6d6875099e,CUST-0008,Ava Taylor,Fort Worth,2026-03-30,2026-03-30T15:33:38.269604+00:00,44,Family Tree Photo Frame,Unknown,home-decoration,31.96,1,31.96,0,0.0,31.96,paypal,us-west-2,completed,4.53
35f68a93-18de-44b5-8e5e-09071444a9b0,CUST-0007,Alexander Jones,Indianapolis,2026-03-30,2026-03-30T15:37:18.269604+00:00,25,Green Bell Pepper,Unknown,groceries,1.39,1,1.39,25,0.35,1.04,credit_card,ap-northeast-1,completed,3.25
68a15eed-5ff0-4386-9337-9fa6bcf31bf5,CUST-0002,Michael Williams,Houston,2026-03-30,2026-03-30T15:40:06.269604+00:00,6,Calvin Klein CK One,Calvin Klein,fragrances,56.06,3,168.18,0,0.0,168.18,credit_card,us-west-2,completed,4.37
b4f675e5-0c3d-4397-b841-cb5025ebbad6,CUST-0008,Ava Taylor,Fort Worth,2026-03-30,2026-03-30T15:42:48.269604+00:00,25,Green Bell Pepper,Unknown,groceries,1.34,1,1.34,15,0.2,1.14,paypal,ap-southeast-1,completed,3.25
5dff9fd9-21d3-4230-a83e-b2fdbfacbc54,CUST-0018,Logan Torres,Columbus,2026-03-30,2026-03-30T16:04:16.269604+00:00,30,Kiwi,Unknown,groceries,2.22,1,2.22,15,0.33,1.89,paypal,us-east-1,completed,4.93
b10fb3a3-ae61-4347-80d3-dd0d144d207d,CUST-0013,Noah Hernandez,New York,2026-03-30,2026-03-30T16:10:06.269604+00:00,5,Red Nail Polish,Nail Couture,beauty,9.38,5,46.9,0,0.0,46.9,buy_now_pay_later,ap-northeast-1,completed,4.32
57bfec0d-7eab-4ef6-89ac-6efa215d2614,CUST-0022,Elijah Stewart,Columbus,2026-03-30,2026-03-30T16:13:01.269604+00:00,38,Rice,Unknown,groceries,5.24,2,10.48,0,0.0,10.48,debit_card,us-west-2,cancelled,3.18
ae3fd90b-2cb7-4757-9984-099732d2ca8d,CUST-0004,James Davis,Seattle,2026-03-30,2026-03-30T16:13:32.269604+00:00,12,Annibale Colombo Sofa,Annibale Colombo,furniture,2621.95,1,2621.95,25,655.49,1966.46,paypal,ap-northeast-1,completed,3.92
5f87bb03-dd60-466f-b0c5-1c4700b6065d,CUST-0010,Isabella Anderson,New York,2026-03-30,2026-03-30T16:21:12.269604+00:00,21,Cucumber,Unknown,groceries,1.45,2,2.9,0,0.0,2.9,paypal,us-east-1,completed,4.07
d0d6e1b4-bd23-4d45-8b59-5645cd7b2a17,CUST-0018,Logan Torres,Columbus,2026-03-30,2026-03-30T16:23:02.269604+00:00,25,Green Bell Pepper,Unknown,groceries,1.21,1,1.21,0,0.0,1.21,debit_card,us-east-1,completed,3.25
f2665f2a-5cb6-496b-9e74-21dca9cc9909,CUST-0021,Madison Collins,Philadelphia,2026-03-30,2026-03-30T16:37:17.269604+00:00,36,Protein Powder,Unknown,groceries,18.96,2,37.92,20,7.58,30.34,paypal,ap-southeast-1,completed,4.18
50cc5111-68c3-4cbf-9605-1ebdd914c90a,CUST-0027,Daniel Cook,Los Angeles,2026-03-30,2026-03-30T16:43:30.269604+00:00,9,Dolce Shine Eau de,Dolce & Gabbana,fragrances,60.42,2,120.84,20,24.17,96.67,gift_card,us-west-2,completed,3.96
42f21700-047c-45c7-840a-bf300734c9b7,CUST-0011,Liam Garcia,Denver,2026-03-30,2026-03-30T16:49:53.269604+00:00,19,Chicken Meat,Unknown,groceries,9.12,3,27.36,15,4.1,23.26,gift_card,ap-southeast-1,cancelled,3.19
ec4856a2-8e2b-4e69-b249-b8a3ccaa6082,CUST-0028,Lily Lee,Phoenix,2026-03-30,2026-03-30T16:59:26.269604+00:00,3,Powder Canister,Velvet Touch,beauty,15.85,1,15.85,0,0.0,15.85,gift_card,ap-southeast-1,completed,4.64
01e0931c-7c77-4084-ad65-a3ad22ca469a,CUST-0030,Addison Wright,San Francisco,2026-03-30,2026-03-30T17:02:14.269604+00:00,20,Cooking Oil,Unknown,groceries,4.74,1,4.74,20,0.95,3.79,buy_now_pay_later,us-west-2,returned,4.8
1a3d6390-9ac7-479d-88a1-52cdea9c48a9,CUST-0026,Evelyn Gonzalez,Dallas,2026-03-30,2026-03-30T17:07:57.269604+00:00,40,Strawberry,Unknown,groceries,3.51,1,3.51,10,0.35,3.16,debit_card,eu-west-1,completed,3.08
1ab209a0-a876-4a80-b794-73d44c4c4149,CUST-0006,Olivia Wilson,Fort Worth,2026-03-30,2026-03-30T17:27:22.269604+00:00,10,Gucci Bloom Eau de,Gucci,fragrances,69.3,1,69.3,5,3.46,65.84,gift_card,us-east-1,completed,2.74
6d1b443f-a101-47bf-94d0-3e0ef788f6e6,CUST-0007,Alexander Jones,Indianapolis,2026-03-30,2026-03-30T17:30:12.269604+00:00,41,Tissue Paper Box,Unknown,groceries,2.64,3,7.92,15,1.19,6.73,paypal,ap-northeast-1,completed,2.69
42c51492-2a2d-48f5-89bc-33ae27c18fa1,CUST-0029,Henry Hill,Indianapolis,2026-03-30,2026-03-30T17:44:00.269604+00:00,38,Rice,Unknown,groceries,5.41,1,5.41,5,0.27,5.14,debit_card,us-east-1,completed,3.18
b55661a6-9e56-4d07-bb09-6a762fa78d34,CUST-0011,Liam Garcia,Denver,2026-03-30,2026-03-30T17:50:41.269604+00:00,31,Lemon,Unknown,groceries,0.75,1,0.75,0,0.0,0.75,debit_card,eu-west-1,completed,3.53
db536b71-186d-4527-96fa-dab09e205b1e,CUST-0010,Isabella Anderson,New York,2026-03-30,2026-03-30T18:03:27.269604+00:00,20,Cooking Oil,Unknown,groceries,4.26,2,8.52,0,0.0,8.52,buy_now_pay_later,us-east-1,completed,4.8
0a87fabe-9cb2-408d-b4ff-6eb5fc6397cf,CUST-0015,William Gonzalez,San Jose,2026-03-30,2026-03-30T18:15:56.269604+00:00,16,Apple,Unknown,groceries,1.8,1,1.8,0,0.0,1.8,paypal,us-east-1,completed,4.19
add4fdfd-4887-4643-beb2-524f9ac295ea,CUST-0004,James Davis,Seattle,2026-03-30,2026-03-30T18:31:07.269604+00:00,11,Annibale Colombo Bed,Annibale Colombo,furniture,2094.15,3,6282.45,0,0.0,6282.45,debit_card,eu-west-1,completed,4.77
0c8a4b43-533f-4b7c-a05e-e76731a63056,CUST-0025,Harper Kelly,Philadelphia,2026-03-30,2026-03-30T18:35:12.269604+00:00,25,Green Bell Pepper,Unknown,groceries,1.43,2,2.86,0,0.0,2.86,credit_card,us-east-1,completed,3.25
36b0d492-cfb5-45ee-b1f4-e89b38adc1ef,CUST-0008,Ava Taylor,Fort Worth,2026-03-30,2026-03-30T18:43:17.269604+00:00,25,Green Bell Pepper,Unknown,groceries,1.41,4,5.64,0,0.0,5.64,credit_card,ap-northeast-1,cancelled,3.25
f8daa47e-ac0d-455e-b74e-4de310e1d50f,CUST-0026,Evelyn Gonzalez,Dallas,2026-03-30,2026-03-30T18:46:54.269604+00:00,39,Soft Drinks,Unknown,groceries,1.82,3,5.46,0,0.0,5.46,buy_now_pay_later,eu-west-1,completed,4.75
f9086c2c-b782-4bc7-af34-4eff24d9c5dc,CUST-0002,Michael Williams,Houston,2026-03-30,2026-03-30T18:48:19.269604+00:00,15,Wooden Bathroom Sink With Mirror,Bath Trends,furniture,857.78,1,857.78,0,0.0,857.78,paypal,ap-southeast-1,completed,3.59
050b433c-b9af-4363-84dd-8787be76a971,CUST-0008,Ava Taylor,Fort Worth,2026-03-30,2026-03-30T19:09:26.269604+00:00,9,Dolce Shine Eau de,Dolce & Gabbana,fragrances,74.68,3,224.04,15,33.61,190.43,gift_card,us-west-2,completed,3.96
c01ef69d-bc98-4447-9043-020b706a3a34,CUST-0029,Henry Hill,Indianapolis,2026-03-30,2026-03-30T19:15:48.269604+00:00,37,Red Onions,Unknown,groceries,1.88,1,1.88,20,0.38,1.5,credit_card,ap-southeast-1,completed,4.2
1a032ca1-36c9-43c8-8461-690b91da312c,CUST-0019,Abigail Rivera,Chicago,2026-03-30,2026-03-30T19:18:27.269604+00:00,15,Wooden Bathroom Sink With Mirror,Bath Trends,furniture,700.75,3,2102.25,5,105.11,1997.14,gift_card,eu-west-1,completed,3.59
7b9648b3-a9a0-4ed7-99a1-fb70066f9cc9,CUST-0001,Emily Johnson,Phoenix,2026-03-30,2026-03-30T19:27:10.269604+00:00,19,Chicken Meat,Unknown,groceries,10.79,1,10.79,0,0.0,10.79,debit_card,ap-northeast-1,cancelled,3.19
bb786b33-42ac-4afb-838b-eddb307bfb11,CUST-0030,Addison Wright,San Francisco,2026-03-30,2026-03-30T19:32:03.269604+00:00,21,Cucumber,Unknown,groceries,1.56,1,1.56,0,0.0,1.56,credit_card,us-east-1,cancelled,4.07
993dc61f-6646-4d7c-9e0c-2d8ba9ef29b1,CUST-0028,Lily Lee,Phoenix,2026-03-30,2026-03-30T19:39:10.269604+00:00,28,Ice Cream,Unknown,groceries,6.03,2,12.06,0,0.0,12.06,gift_card,eu-west-1,cancelled,3.39
7be48155-a120-49a2-8a1f-cbe8a1bc2904,CUST-0018,Logan Torres,Columbus,2026-03-30,2026-03-30T19:41:47.269604+00:00,15,Wooden Bathroom Sink With Mirror,Bath Trends,furniture,812.85,3,2438.55,10,243.85,2194.7,buy_now_pay_later,us-west-2,completed,3.59
37a58574-c73b-485b-a899-94e070e9bc2a,CUST-0005,Emma Miller,Jacksonville,2026-03-30,2026-03-30T19:49:47.269604+00:00,6,Calvin Klein CK One,Calvin Klein,fragrances,53.47,3,160.41,10,16.04,144.37,buy_now_pay_later,us-west-2,completed,4.37
444736a5-26ff-4b08-8730-f272d903a980,CUST-0029,Henry Hill,Indianapolis,2026-03-30,2026-03-30T19:56:41.269604+00:00,27,Honey Jar,Unknown,groceries,6.55,3,19.65,0,0.0,19.65,paypal,us-west-2,completed,3.97
5b18caa8-b0d0-4a31-be07-e2a7bc4e29c4,CUST-0014,Charlotte Lopez,Columbus,2026-03-30,2026-03-30T19:57:05.269604+00:00,7,Chanel Coco Noir Eau De,Chanel,fragrances,137.06,1,137.06,10,13.71,123.35,gift_card,us-west-2,completed,4.26
ed7dc5ce-9d9e-4fbd-a039-83370ccc834e,CUST-0007,Alexander Jones,Indianapolis,2026-03-30,2026-03-30T19:57:18.269604+00:00,35,Potatoes,Unknown,groceries,2.5,2,5.0,5,0.25,4.75,gift_card,ap-southeast-1,completed,4.81
09f949b4-dc37-42b3-bb83-7fd033c83bc2,CUST-0023,Chloe Morales,Dallas,2026-03-30,2026-03-30T20:03:57.269604+00:00,13,Bedside Table African Cherry,Furniture Co.,furniture,262.7,2,525.4,5,26.27,499.13,gift_card,ap-southeast-1,completed,2.87
40791daf-e334-441f-9e64-badd53d9c656,CUST-0028,Lily Lee,Phoenix,2026-03-30,2026-03-30T20:32:33.269604+00:00,31,Lemon,Unknown,groceries,0.78,1,0.78,0,0.0,0.78,credit_card,us-east-1,completed,3.53
cd03a750-ef0d-41e3-a3da-2ff07ab5955f,CUST-0028,Lily Lee,Phoenix,2026-03-30,2026-03-30T20:41:34.269604+00:00,26,Green Chili Pepper,Unknown,groceries,0.96,1,0.96,0,0.0,0.96,gift_card,us-west-2,cancelled,3.66
e4e483f6-d186-443c-a465-a55cad27a5d0,CUST-0015,William Gonzalez,San Jose,2026-03-30,2026-03-30T20:58:52.269604+00:00,17,Beef Steak,Unknown,groceries,13.61,2,27.22,0,0.0,27.22,buy_now_pay_later,ap-southeast-1,completed,4.47
f41287bc-fd15-40a3-961b-9c1a86ac9207,CUST-0002,Michael Williams,Houston,2026-03-30,2026-03-30T21:20:05.269604+00:00,17,Beef Steak,Unknown,groceries,14.81,3,44.43,15,6.66,37.77,debit_card,ap-northeast-1,completed,4.47
a6791d5f-29ae-48a1-b934-dd64c92029e1,CUST-0008,Ava Taylor,Fort Worth,2026-03-30,2026-03-30T21:45:57.269604+00:00,45,House Showpiece Plant,Unknown,home-decoration,42.4,1,42.4,20,8.48,33.92,paypal,ap-southeast-1,cancelled,4.67
0dad5a1e-165c-40ad-b465-c6818de68eb8,CUST-0013,Noah Hernandez,New York,2026-03-30,2026-03-30T21:48:21.269604+00:00,26,Green Chili Pepper,Unknown,groceries,1.09,3,3.27,0,0.0,3.27,credit_card,ap-northeast-1,completed,3.66
665393aa-9ad2-41a6-94b8-08169dba2235,CUST-0026,Evelyn Gonzalez,Dallas,2026-03-30,2026-03-30T21:49:21.269604+00:00,24,Fish Steak,Unknown,groceries,16.68,2,33.36,0,0.0,33.36,gift_card,eu-west-1,completed,3.78
aedc3e8f-267d-4f22-994b-3dc0f88f672a,CUST-0022,Elijah Stewart,Columbus,2026-03-30,2026-03-30T21:50:30.269604+00:00,19,Chicken Meat,Unknown,groceries,10.29,1,10.29,15,1.54,8.75,debit_card,us-east-1,completed,3.19
ebae2ad1-f47a-45ba-8382-0b61a88dfd53,CUST-0006,Olivia Wilson,Fort Worth,2026-03-30,2026-03-30T21:53:44.269604+00:00,35,Potatoes,Unknown,groceries,2.26,2,4.52,0,0.0,4.52,gift_card,us-east-1,completed,4.81
6fcaefe7-0d3e-4cb2-a671-e2b6f5ee271d,CUST-0014,Charlotte Lopez,Columbus,2026-03-30,2026-03-30T21:58:59.269604+00:00,8,Dior J'adore,Dior,fragrances,80.07,2,160.14,0,0.0,160.14,buy_now_pay_later,ap-southeast-1,completed,3.8
7172558c-5298-475e-82d2-ef0c23f8f9a2,CUST-0010,Isabella Anderson,New York,2026-03-30,2026-03-30T22:03:42.269604+00:00,40,Strawberry,Unknown,groceries,4.16,1,4.16,20,0.83,3.33,debit_card,ap-southeast-1,completed,3.08
1c4641b6-f4eb-45ef-896b-be982c2f4c8f,CUST-0022,Elijah Stewart,Columbus,2026-03-30,2026-03-30T22:08:14.269604+00:00,14,Knoll Saarinen Executive Conference Chair,Knoll,furniture,500.85,1,500.85,15,75.13,425.72,gift_card,us-east-1,cancelled,4.88
58a58951-f2fd-4441-9e38-1adda14627b2,CUST-0011,Liam Garcia,Denver,2026-03-30,2026-03-30T22:12:55.269604+00:00,2,Eyeshadow Palette with Mirror,Glamour Beauty,beauty,21.78,4,87.12,0,0.0,87.12,buy_now_pay_later,eu-west-1,completed,2.86
9d975e05-77a9-4fd2-8b98-9a17fff1ecf4,CUST-0018,Logan Torres,Columbus,2026-03-30,2026-03-30T22:13:21.269604+00:00,12,Annibale Colombo Sofa,Annibale Colombo,furniture,2675.34,4,10701.36,0,0.0,10701.36,gift_card,ap-southeast-1,completed,3.92
9ce531f9-8ece-4ecf-a261-5cb0d53c51ab,CUST-0024,Mateo Nguyen,Columbus,2026-03-30,2026-03-30T22:13:28.269604+00:00,11,Annibale Colombo Bed,Annibale Colombo,furniture,1717.1,4,6868.4,20,1373.68,5494.72,paypal,us-east-1,completed,4.77
7572cd1c-f3d8-40e7-8fc3-e30a0b590c07,CUST-0014,Charlotte Lopez,Columbus,2026-03-30,2026-03-30T22:26:32.269604+00:00,20,Cooking Oil,Unknown,groceries,4.92,2,9.84,0,0.0,9.84,gift_card,us-west-2,completed,4.8
5fae49d3-c1ef-4b85-bca4-507c3da8646f,CUST-0018,Logan Torres,Columbus,2026-03-30,2026-03-30T22:28:06.269604+00:00,38,Rice,Unknown,groceries,6.13,2,12.26,0,0.0,12.26,paypal,eu-west-1,completed,3.18
e816a0a3-92f6-4f46-9f2b-3be5549c476f,CUST-0010,Isabella Anderson,New York,2026-03-30,2026-03-30T22:35:25.269604+00:00,43,Decoration Swing,Unknown,home-decoration,68.82,3,206.46,15,30.97,175.49,credit_card,us-west-2,completed,3.16
7571a8d1-ce23-4e71-b67f-6d8c99606e42,CUST-0022,Elijah Stewart,Columbus,2026-03-30,2026-03-30T22:46:51.269604+00:00,5,Red Nail Polish,Nail Couture,beauty,10.08,3,30.24,0,0.0,30.24,debit_card,ap-northeast-1,returned,4.32
dd058c41-2552-4191-80c2-3ef393badeca,CUST-0013,Noah Hernandez,New York,2026-03-30,2026-03-30T22:49:50.269604+00:00,19,Chicken Meat,Unknown,groceries,11.09,3,33.27,0,0.0,33.27,buy_now_pay_later,ap-northeast-1,completed,3.19
93718c51-89ce-42ba-840c-c296745bc4bb,CUST-0011,Liam Garcia,Denver,2026-03-30,2026-03-30T23:07:56.269604+00:00,32,Milk,Unknown,groceries,3.11,3,9.33,20,1.87,7.46,paypal,eu-west-1,completed,2.61
3ccdef0b-27f1-4cc4-8b46-cf1acdd94987,CUST-0023,Chloe Morales,Dallas,2026-03-30,2026-03-30T23:08:49.269604+00:00,19,Chicken Meat,Unknown,groceries,9.76,4,39.04,10,3.9,35.14,debit_card,us-west-2,cancelled,3.19
ea91bc0e-6e0e-4571-981e-8fa16d468d9e,CUST-0014,Charlotte Lopez,Columbus,2026-03-30,2026-03-30T23:18:04.269604+00:00,22,Dog Food,Unknown,groceries,10.34,1,10.34,0,0.0,10.34,paypal,us-west-2,cancelled,4.55
774b06b1-919d-4c8e-878d-7948179f3d0b,CUST-0022,Elijah Stewart,Columbus,2026-03-31,2026-03-31T00:05:25.269604+00:00,32,Milk,Unknown,groceries,3.17,1,3.17,20,0.63,2.54,buy_now_pay_later,ap-northeast-1,completed,2.61
64ded7e2-0b7a-40aa-a742-016fa9818341,CUST-0010,Isabella Anderson,New York,2026-03-31,2026-03-31T00:16:37.269604+00:00,21,Cucumber,Unknown,groceries,1.53,3,4.59,20,0.92,3.67,buy_now_pay_later,ap-northeast-1,completed,4.07
f37ebb82-e1b6-4f02-bd7b-93e47b956c46,CUST-0023,Chloe Morales,Dallas,2026-03-31,2026-03-31T00:18:52.269604+00:00,18,Cat Food,Unknown,groceries,8.05,1,8.05,0,0.0,8.05,gift_card,ap-southeast-1,returned,3.13
db8f9954-4197-42e9-bb44-7626d03703fd,CUST-0023,Chloe Morales,Dallas,2026-03-31,2026-03-31T00:24:36.269604+00:00,12,Annibale Colombo Sofa,Annibale Colombo,furniture,2848.42,4,11393.68,0,0.0,11393.68,buy_now_pay_later,us-west-2,cancelled,3.92
20f5df8e-2776-4483-a0af-78a348a0d1f6,CUST-0022,Elijah Stewart,Columbus,2026-03-31,2026-03-31T00:53:34.269604+00:00,10,Gucci Bloom Eau de,Gucci,fragrances,86.68,1,86.68,0,0.0,86.68,buy_now_pay_later,us-east-1,cancelled,2.74
d35cf9a9-56f1-471d-aed9-28d51330580c,CUST-0012,Mia Rodriguez,Jacksonville,2026-03-31,2026-03-31T01:05:44.269604+00:00,37,Red Onions,Unknown,groceries,2.16,2,4.32,0,0.0,4.32,debit_card,ap-northeast-1,completed,4.2
219ffbd0-20f7-4a7a-927d-0da039d69bcb,CUST-0017,Evelyn Sanchez,San Diego,2026-03-31,2026-03-31T01:08:26.269604+00:00,28,Ice Cream,Unknown,groceries,6.15,1,6.15,0,0.0,6.15,credit_card,us-east-1,completed,3.39
774577ab-bd77-426c-ae48-367008e49c93,CUST-0026,Evelyn Gonzalez,Dallas,2026-03-31,2026-03-31T01:17:17.269604+00:00,15,Wooden Bathroom Sink With Mirror,Bath Trends,furniture,709.12,1,709.12,0,0.0,709.12,credit_card,eu-west-1,completed,3.59
1b287086-95be-44e7-a94f-434a5bcb4d39,CUST-0015,William Gonzalez,San Jose,2026-03-31,2026-03-31T01:39:22.269604+00:00,3,Powder Canister,Velvet Touch,beauty,14.66,1,14.66,25,3.67,10.99,debit_card,us-east-1,completed,4.64
5fd611a0-7d9a-4e41-9541-35703c583b2b,CUST-0023,Chloe Morales,Dallas,2026-03-31,2026-03-31T01:42:34.269604+00:00,21,Cucumber,Unknown,groceries,1.57,3,4.71,0,0.0,4.71,paypal,ap-southeast-1,completed,4.07
1b75ee93-291d-45dc-8bf1-d7d37d983baa,CUST-0014,Charlotte Lopez,Columbus,2026-03-31,2026-03-31T01:46:40.269604+00:00,4,Red Lipstick,Chic Cosmetics,beauty,12.34,1,12.34,25,3.08,9.26,buy_now_pay_later,ap-northeast-1,completed,4.36
2c5d32a9-821b-4d91-abae-efa99b59760a,CUST-0021,Madison Collins,Philadelphia,2026-03-31,2026-03-31T01:48:24.269604+00:00,31,Lemon,Unknown,groceries,0.86,1,0.86,0,0.0,0.86,buy_now_pay_later,ap-northeast-1,cancelled,3.53
da7032b3-441a-44e3-90fd-4acebc75a6b3,CUST-0017,Evelyn Sanchez,San Diego,2026-03-31,2026-03-31T02:14:11.269604+00:00,30,Kiwi,Unknown,groceries,2.52,1,2.52,0,0.0,2.52,gift_card,us-east-1,completed,4.93
613f013f-9a3e-4534-9618-0302e7b8bdb9,CUST-0016,Avery Perez,Columbus,2026-03-31,2026-03-31T02:18:29.269604+00:00,48,Bamboo Spatula,Unknown,kitchen-accessories,7.85,4,31.4,0,0.0,31.4,paypal,ap-northeast-1,completed,3.27
154d0984-6286-4237-80b6-1f9beb8d4496,CUST-0017,Evelyn Sanchez,San Diego,2026-03-31,2026-03-31T02:22:17.269604+00:00,37,Red Onions,Unknown,groceries,2.29,1,2.29,0,0.0,2.29,gift_card,us-west-2,completed,4.2
f7942a4c-5063-41e1-871e-3cdb9dd887f6,CUST-0010,Isabella Anderson,New York,2026-03-31,2026-03-31T02:33:43.269604+00:00,6,Calvin Klein CK One,Calvin Klein,fragrances,44.75,1,44.75,0,0.0,44.75,paypal,ap-southeast-1,completed,4.37
9e3946c4-16f6-4586-b572-e75dace6268a,CUST-0010,Isabella Anderson,New York,2026-03-31,2026-03-31T02:56:14.269604+00:00,16,Apple,Unknown,groceries,1.98,1,1.98,10,0.2,1.78,buy_now_pay_later,ap-southeast-1,cancelled,4.19
478a0b04-ce6a-452d-89e6-5f771cdeb3b3,CUST-0006,Olivia Wilson,Fort Worth,2026-03-31,2026-03-31T03:00:21.269604+00:00,45,House Showpiece Plant,Unknown,home-decoration,41.14,1,41.14,0,0.0,41.14,credit_card,ap-northeast-1,completed,4.67
fb120396-323a-4ab8-962a-6a0d5ddc504f,CUST-0008,Ava Taylor,Fort Worth,2026-03-31,2026-03-31T03:06:21.269604+00:00,48,Bamboo Spatula,Unknown,kitchen-accessories,7.82,1,7.82,10,0.78,7.04,buy_now_pay_later,eu-west-1,cancelled,3.27
64c445b4-95fd-4149-bc7f-d5048a1a6e17,CUST-0003,Sophia Brown,Washington,2026-03-31,2026-03-31T03:15:37.269604+00:00,49,Black Aluminium Cup,Unknown,kitchen-accessories,6.42,3,19.26,25,4.82,14.44,paypal,us-east-1,cancelled,4.46
8e000fc5-ca20-4341-bbc2-db8357cb4ba9,CUST-0015,William Gonzalez,San Jose,2026-03-31,2026-03-31T03:21:23.269604+00:00,15,Wooden Bathroom Sink With Mirror,Bath Trends,furniture,893.93,2,1787.86,0,0.0,1787.86,buy_now_pay_later,us-east-1,completed,3.59
88a7c3d9-c165-4656-809c-e55e23b9ecee,CUST-0023,Chloe Morales,Dallas,2026-03-31,2026-03-31T03:31:58.269604+00:00,28,Ice Cream,Unknown,groceries,5.66,2,11.32,25,2.83,8.49,paypal,ap-southeast-1,completed,3.39
f2f774ce-0f31-4c76-95ea-910c4b12a564,CUST-0017,Evelyn Sanchez,San Diego,2026-03-31,2026-03-31T03:33:07.269604+00:00,48,Bamboo Spatula,Unknown,kitchen-accessories,7.79,1,7.79,10,0.78,7.01,paypal,us-west-2,completed,3.27
297d5235-88a6-4adf-b1b8-dbe39fd2e932,CUST-0013,Noah Hernandez,New York,2026-03-31,2026-03-31T03:36:50.269604+00:00,29,Juice,Unknown,groceries,4.45,4,17.8,0,0.0,17.8,paypal,us-west-2,completed,3.94
1dbc0f61-1cd7-4433-8169-06a01424f6b3,CUST-0005,Emma Miller,Jacksonville,2026-03-31,2026-03-31T03:42:23.269604+00:00,15,Wooden Bathroom Sink With Mirror,Bath Trends,furniture,844.96,1,844.96,25,211.24,633.72,buy_now_pay_later,ap-southeast-1,completed,3.59
fa7aec85-716b-41de-9aae-3534a15e6888,CUST-0011,Liam Garcia,Denver,2026-03-31,2026-03-31T03:43:44.269604+00:00,20,Cooking Oil,Unknown,groceries,5.03,1,5.03,15,0.75,4.28,debit_card,us-west-2,completed,4.8
459990a9-dbca-4d42-a5f9-9e44c0519a71,CUST-0015,William Gonzalez,San Jose,2026-03-31,2026-03-31T04:08:51.269604+00:00,31,Lemon,Unknown,groceries,0.78,1,0.78,15,0.12,0.66,debit_card,ap-northeast-1,completed,3.53
438d3edc-9dd4-4129-b319-66256e1ed56f,CUST-0006,Olivia Wilson,Fort Worth,2026-03-31,2026-03-31T04:09:48.269604+00:00,44,Family Tree Photo Frame,Unknown,home-decoration,28.6,2,57.2,25,14.3,42.9,buy_now_pay_later,eu-west-1,cancelled,4.53
20504919-2cbe-44a3-812b-ffb8fee282e3,CUST-0013,Noah Hernandez,New York,2026-03-31,2026-03-31T04:16:08.269604+00:00,26,Green Chili Pepper,Unknown,groceries,0.86,2,1.72,0,0.0,1.72,gift_card,ap-northeast-1,completed,3.66
dc89b2eb-8db2-4e17-9e8a-02c6dc21db1f,CUST-0010,Isabella Anderson,New York,2026-03-31,2026-03-31T04:29:32.269604+00:00,50,Black Whisk,Unknown,kitchen-accessories,10.8,1,10.8,5,0.54,10.26,debit_card,us-east-1,completed,3.9
fac7c23c-d78a-4572-b6e5-9cfb63623cec,CUST-0014,Charlotte Lopez,Columbus,2026-03-31,2026-03-31T04:33:56.269604+00:00,35,Potatoes,Unknown,groceries,2.35,1,2.35,0,0.0,2.35,credit_card,us-east-1,cancelled,4.81
c25a4ae8-03a8-4d01-a0cf-062b4174116b,CUST-0015,William Gonzalez,San Jose,2026-03-31,2026-03-31T04:44:49.269604+00:00,14,Knoll Saarinen Executive Conference Chair,Knoll,furniture,561.64,1,561.64,0,0.0,561.64,gift_card,us-east-1,cancelled,4.88
83c05929-5d4f-4d08-b71f-b486092bd459,CUST-0027,Daniel Cook,Los Angeles,2026-03-31,2026-03-31T05:15:41.269604+00:00,49,Black Aluminium Cup,Unknown,kitchen-accessories,5.41,4,21.64,20,4.33,17.31,buy_now_pay_later,us-west-2,completed,4.46
63727134-b274-4194-8b9f-0fd143962e91,CUST-0024,Mateo Nguyen,Columbus,2026-03-31,2026-03-31T05:34:28.269604+00:00,23,Eggs,Unknown,groceries,2.63,3,7.89,0,0.0,7.89,paypal,ap-northeast-1,completed,2.53
587d5bda-dd46-406a-9008-5f67de1d1380,CUST-0020,Jackson Evans,New York,2026-03-31,2026-03-31T05:41:11.269604+00:00,22,Dog Food,Unknown,groceries,11.18,1,11.18,0,0.0,11.18,gift_card,ap-northeast-1,completed,4.55
1a06df26-cc07-43f2-9513-922269f6e69d,CUST-0021,Madison Collins,Philadelphia,2026-03-31,2026-03-31T05:46:08.269604+00:00,18,Cat Food,Unknown,groceries,9.97,4,39.88,0,0.0,39.88,gift_card,ap-northeast-1,completed,3.13
f0ffb019-e246-4f64-992d-bf37a9aca007,CUST-0029,Henry Hill,Indianapolis,2026-03-31,2026-03-31T06:03:05.269604+00:00,8,Dior J'adore,Dior,fragrances,94.86,2,189.72,5,9.49,180.23,gift_card,us-east-1,completed,3.8
a1a120c4-ece1-4bed-b644-a42342c14154,CUST-0018,Logan Torres,Columbus,2026-03-31,2026-03-31T06:10:36.269604+00:00,19,Chicken Meat,Unknown,groceries,9.0,1,9.0,25,2.25,6.75,credit_card,ap-northeast-1,completed,3.19
b7dc4e1d-c782-4bf4-bd9e-26b68c71d492,CUST-0020,Jackson Evans,New York,2026-03-31,2026-03-31T06:21:23.269604+00:00,39,Soft Drinks,Unknown,groceries,1.95,2,3.9,0,0.0,3.9,credit_card,ap-southeast-1,completed,4.75
5cb0816c-67fa-46c0-854b-5c4e95c1b573,CUST-0013,Noah Hernandez,New York,2026-03-31,2026-03-31T06:25:39.269604+00:00,46,Plant Pot,Unknown,home-decoration,14.76,1,14.76,10,1.48,13.28,buy_now_pay_later,us-west-2,cancelled,3.01
590c106a-1280-495b-8632-540f10c3c3e1,CUST-0014,Charlotte Lopez,Columbus,2026-03-31,2026-03-31T06:36:37.269604+00:00,22,Dog Food,Unknown,groceries,12.54,1,12.54,0,0.0,12.54,paypal,ap-northeast-1,completed,4.55
7f2cd1cb-7b0c-4244-bb07-87ff3b14b611,CUST-0002,Michael Williams,Houston,2026-03-31,2026-03-31T06:54:55.269604+00:00,24,Fish Steak,Unknown,groceries,15.5,1,15.5,0,0.0,15.5,paypal,ap-southeast-1,completed,3.78
06d7301e-a42d-41ae-8733-170ac4efebfe,CUST-0016,Avery Perez,Columbus,2026-03-31,2026-03-31T06:55:10.269604+00:00,47,Table Lamp,Unknown,home-decoration,50.8,1,50.8,5,2.54,48.26,buy_now_pay_later,ap-northeast-1,completed,3.55
9c90bacc-b5ad-4d2e-8f11-1f0ec2bf92bc,CUST-0025,Harper Kelly,Philadelphia,2026-03-31,2026-03-31T07:08:49.269604+00:00,26,Green Chili Pepper,Unknown,groceries,0.95,1,0.95,0,0.0,0.95,debit_card,ap-southeast-1,completed,3.66
19895b03-0c01-4358-895d-607e77a7d932,CUST-0012,Mia Rodriguez,Jacksonville,2026-03-31,2026-03-31T07:11:50.269604+00:00,25,Green Bell Pepper,Unknown,groceries,1.2,2,2.4,0,0.0,2.4,buy_now_pay_later,ap-southeast-1,completed,3.25
33ba78c4-2a87-4360-aff0-be673adc420f,CUST-0013,Noah Hernandez,New York,2026-03-31,2026-03-31T07:34:37.269604+00:00,41,Tissue Paper Box,Unknown,groceries,2.43,1,2.43,20,0.49,1.94,paypal,eu-west-1,completed,2.69
263e0a54-aef9-42c2-8743-18d310c1030f,CUST-0023,Chloe Morales,Dallas,2026-03-31,2026-03-31T07:39:48.269604+00:00,17,Beef Steak,Unknown,groceries,11.24,1,11.24,0,0.0,11.24,credit_card,eu-west-1,completed,4.47
bd3fde27-1ed1-4071-890a-ef20181bb949,CUST-0015,William Gonzalez,San Jose,2026-03-31,2026-03-31T07:57:58.269604+00:00,45,House Showpiece Plant,Unknown,home-decoration,34.95,2,69.9,10,6.99,62.91,credit_card,ap-northeast-1,completed,4.67
d9d6b30e-ee37-4e34-b37f-f9fbbbd9a312,CUST-0017,Evelyn Sanchez,San Diego,2026-03-31,2026-03-31T08:02:45.269604+00:00,46,Plant Pot,Unknown,home-decoration,13.36,1,13.36,5,0.67,12.69,paypal,us-west-2,completed,3.01
a769ba1e-f4ad-4381-a4fe-39d758e0b8a4,CUST-0023,Chloe Morales,Dallas,2026-03-31,2026-03-31T08:04:57.269604+00:00,44,Family Tree Photo Frame,Unknown,home-decoration,28.75,1,28.75,0,0.0,28.75,credit_card,us-east-1,completed,4.53
0dbdcf24-4fbc-4fbd-b4d4-07dfebca635f,CUST-0022,Elijah Stewart,Columbus,2026-03-31,2026-03-31T08:05:09.269604+00:00,9,Dolce Shine Eau de,Dolce & Gabbana,fragrances,79.91,2,159.82,5,7.99,151.83,paypal,us-west-2,completed,3.96
3d932d47-e169-41ba-aa83-bd4bbccd3d7b,CUST-0005,Emma Miller,Jacksonville,2026-03-31,2026-03-31T08:19:19.269604+00:00,7,Chanel Coco Noir Eau De,Chanel,fragrances,131.33,1,131.33,0,0.0,131.33,paypal,eu-west-1,completed,4.26
c9728ac0-c3ab-4855-ae97-3bd58047b0e8,CUST-0007,Alexander Jones,Indianapolis,2026-03-31,2026-03-31T08:24:01.269604+00:00,1,Essence Mascara Lash Princess,Essence,beauty,10.46,2,20.92,0,0.0,20.92,paypal,ap-northeast-1,completed,2.56
4d51642d-363c-43de-ae52-6e09981f3d14,CUST-0012,Mia Rodriguez,Jacksonville,2026-03-31,2026-03-31T08:32:01.269604+00:00,10,Gucci Bloom Eau de,Gucci,fragrances,75.29,1,75.29,25,18.82,56.47,paypal,us-east-1,completed,2.74
b747fcf9-8c88-4f5a-9026-e44aabaa8c53,CUST-0016,Avery Perez,Columbus,2026-03-31,2026-03-31T08:33:11.269604+00:00,49,Black Aluminium Cup,Unknown,kitchen-accessories,6.3,1,6.3,0,0.0,6.3,gift_card,eu-west-1,completed,4.46
fa0a0ad2-46e1-4d05-b7ca-68ef4763415e,CUST-0029,Henry Hill,Indianapolis,2026-03-31,2026-03-31T08:47:25.269604+00:00,37,Red Onions,Unknown,groceries,1.73,2,3.46,25,0.86,2.6,paypal,ap-southeast-1,cancelled,4.2
5c3abbce-8637-4ef1-91ba-4a86dc0e8a0e,CUST-0006,Olivia Wilson,Fort Worth,2026-03-31,2026-03-31T09:01:53.269604+00:00,23,Eggs,Unknown,groceries,2.61,2,5.22,10,0.52,4.7,credit_card,ap-northeast-1,completed,2.53
6e9d9ec5-cb58-41b7-a5fd-c7231375e670,CUST-0020,Jackson Evans,New York,2026-03-31,2026-03-31T09:08:51.269604+00:00,24,Fish Steak,Unknown,groceries,13.1,1,13.1,0,0.0,13.1,paypal,ap-northeast-1,completed,3.78
71b48a24-b65a-422f-b080-35a1753782b6,CUST-0020,Jackson Evans,New York,2026-03-31,2026-03-31T09:36:03.269604+00:00,21,Cucumber,Unknown,groceries,1.65,2,3.3,0,0.0,3.3,gift_card,us-east-1,cancelled,4.07
e8f5e69f-6b65-4d48-bc9a-1c5eb680371a,CUST-0015,William Gonzalez,San Jose,2026-03-31,2026-03-31T09:37:49.269604+00:00,1,Essence Mascara Lash Princess,Essence,beauty,11.48,1,11.48,0,0.0,11.48,credit_card,us-east-1,completed,2.56
8b15abf6-9cfa-4ad3-bfcf-7fdd99f52e34,CUST-0010,Isabella Anderson,New York,2026-03-31,2026-03-31T09:57:47.269604+00:00,42,Water,Unknown,groceries,0.88,2,1.76,0,0.0,1.76,debit_card,ap-southeast-1,completed,4.96
bf271314-0521-49ed-9ed5-7e25fdec2ca0,CUST-0002,Michael Williams,Houston,2026-03-31,2026-03-31T10:00:13.269604+00:00,47,Table Lamp,Unknown,home-decoration,50.69,1,50.69,10,5.07,45.62,credit_card,us-east-1,cancelled,3.55
606c1e74-954e-4cb5-a1b7-81953da3887e,CUST-0018,Logan Torres,Columbus,2026-03-31,2026-03-31T10:06:45.269604+00:00,7,Chanel Coco Noir Eau De,Chanel,fragrances,146.7,1,146.7,5,7.33,139.37,gift_card,us-west-2,cancelled,4.26
fa6fed5f-9031-42ef-b891-eca73571644b,CUST-0013,Noah Hernandez,New York,2026-03-31,2026-03-31T10:09:17.269604+00:00,32,Milk,Unknown,groceries,3.02,1,3.02,20,0.6,2.42,paypal,ap-southeast-1,cancelled,2.61
975c3495-8f12-46eb-b5f5-dc97612a5952,CUST-0017,Evelyn Sanchez,San Diego,2026-03-31,2026-03-31T10:13:02.269604+00:00,44,Family Tree Photo Frame,Unknown,home-decoration,27.51,2,55.02,0,0.0,55.02,credit_card,eu-west-1,completed,4.53
df8d0f9a-1412-4af8-94ce-31291c4c5ad9,CUST-0027,Daniel Cook,Los Angeles,2026-03-31,2026-03-31T10:23:13.269604+00:00,37,Red Onions,Unknown,groceries,2.13,4,8.52,10,0.85,7.67,paypal,ap-southeast-1,cancelled,4.2
9dcdec17-cef1-4b7e-95f0-2226ba1335d4,CUST-0003,Sophia Brown,Washington,2026-03-31,2026-03-31T10:37:11.269604+00:00,27,Honey Jar,Unknown,groceries,6.33,2,12.66,10,1.27,11.39,buy_now_pay_later,ap-northeast-1,completed,3.97
bc7bf6b7-17f5-4b88-a1bd-1419ba4e6a42,CUST-0014,Charlotte Lopez,Columbus,2026-03-31,2026-03-31T10:37:38.269604+00:00,21,Cucumber,Unknown,groceries,1.27,1,1.27,0,0.0,1.27,credit_card,us-east-1,cancelled,4.07
1f84fcb1-ee58-4b8c-8a2d-f82acf86f51d,CUST-0007,Alexander Jones,Indianapolis,2026-03-31,2026-03-31T10:43:43.269604+00:00,29,Juice,Unknown,groceries,3.82,1,3.82,15,0.57,3.25,debit_card,eu-west-1,cancelled,3.94
40fefccc-d2a1-4ddd-867f-1e91a24ad0f1,CUST-0017,Evelyn Sanchez,San Diego,2026-03-31,2026-03-31T10:48:04.269604+00:00,18,Cat Food,Unknown,groceries,7.79,1,7.79,5,0.39,7.4,credit_card,ap-southeast-1,completed,3.13
ccf3781c-834a-46e7-85e4-6d844b980389,CUST-0002,Michael Williams,Houston,2026-03-31,2026-03-31T11:16:29.269604+00:00,44,Family Tree Photo Frame,Unknown,home-decoration,33.63,3,100.89,0,0.0,100.89,credit_card,ap-southeast-1,cancelled,4.53
20a43423-6e15-4d2e-b8bd-fa74b5ba36b1,CUST-0021,Madison Collins,Philadelphia,2026-03-31,2026-03-31T11:27:38.269604+00:00,45,House Showpiece Plant,Unknown,home-decoration,36.5,1,36.5,15,5.47,31.03,credit_card,ap-southeast-1,cancelled,4.67
98419b6c-0e2f-4e67-bbc8-7cf801fd3a2c,CUST-0023,Chloe Morales,Dallas,2026-03-31,2026-03-31T11:48:57.269604+00:00,42,Water,Unknown,groceries,1.03,1,1.03,15,0.15,0.88,buy_now_pay_later,ap-southeast-1,cancelled,4.96
843fbec8-4254-4c19-a1f9-6c8eb46406e9,CUST-0024,Mateo Nguyen,Columbus,2026-03-31,2026-03-31T11:54:29.269604+00:00,5,Red Nail Polish,Nail Couture,beauty,8.02,2,16.04,0,0.0,16.04,debit_card,ap-southeast-1,completed,4.32
6062dea2-2986-4cc9-8b84-71fcdd071e78,CUST-0030,Addison Wright,San Francisco,2026-03-31,2026-03-31T12:18:33.269604+00:00,49,Black Aluminium Cup,Unknown,kitchen-accessories,5.95,3,17.85,0,0.0,17.85,debit_card,us-east-1,cancelled,4.46
0f59c5c7-99c0-4149-9c6e-74d599915d2f,CUST-0017,Evelyn Sanchez,San Diego,2026-03-31,2026-03-31T12:52:11.269604+00:00,39,Soft Drinks,Unknown,groceries,1.96,2,3.92,15,0.59,3.33,paypal,eu-west-1,completed,4.75
16cb5e3a-dc11-4a40-b944-38dec0653e0f,CUST-0006,Olivia Wilson,Fort Worth,2026-03-31,2026-03-31T12:54:13.269604+00:00,7,Chanel Coco Noir Eau De,Chanel,fragrances,117.0,1,117.0,0,0.0,117.0,buy_now_pay_later,ap-southeast-1,returned,4.26
891dfbec-dad2-4f2a-8cc8-dcb93e04da09,CUST-0024,Mateo Nguyen,Columbus,2026-03-31,2026-03-31T13:28:32.269604+00:00,17,Beef Steak,Unknown,groceries,11.94,2,23.88,0,0.0,23.88,debit_card,us-west-2,completed,4.47
15e4e11c-3179-42bb-acc7-2fcc92184d2e,CUST-0020,Jackson Evans,New York,2026-03-31,2026-03-31T13:31:51.269604+00:00,41,Tissue Paper Box,Unknown,groceries,2.71,1,2.71,0,0.0,2.71,credit_card,ap-northeast-1,completed,2.69
e8b6c19c-2d4e-4986-94db-3c5d2a00b936,CUST-0028,Lily Lee,Phoenix,2026-03-31,2026-03-31T13:32:44.269604+00:00,7,Chanel Coco Noir Eau De,Chanel,fragrances,116.53,2,233.06,0,0.0,233.06,gift_card,ap-northeast-1,completed,4.26
1a845613-b51f-4dc3-bb5b-05064102a340,CUST-0015,William Gonzalez,San Jose,2026-03-31,2026-03-31T13:34:53.269604+00:00,23,Eggs,Unknown,groceries,3.3,2,6.6,0,0.0,6.6,credit_card,ap-southeast-1,cancelled,2.53
c301eb20-a793-4024-9de5-28ce57b7bfeb,CUST-0029,Henry Hill,Indianapolis,2026-03-31,2026-03-31T13:47:49.269604+00:00,3,Powder Canister,Velvet Touch,beauty,15.64,1,15.64,20,3.13,12.51,paypal,ap-southeast-1,completed,4.64
ec73571e-e92e-4383-b424-3d0eff163022,CUST-0029,Henry Hill,Indianapolis,2026-03-31,2026-03-31T14:04:10.269604+00:00,36,Protein Powder,Unknown,groceries,17.43,1,17.43,0,0.0,17.43,buy_now_pay_later,eu-west-1,completed,4.18
f93583c3-cb76-4d64-8e80-83f712b06dda,CUST-0017,Evelyn Sanchez,San Diego,2026-03-31,2026-03-31T14:13:45.269604+00:00,37,Red Onions,Unknown,groceries,1.8,1,1.8,0,0.0,1.8,debit_card,eu-west-1,completed,4.2
cec6e56e-e5fe-4b1b-a376-d9d4da67f807,CUST-0028,Lily Lee,Phoenix,2026-03-31,2026-03-31T14:16:02.269604+00:00,31,Lemon,Unknown,groceries,0.83,2,1.66,0,0.0,1.66,debit_card,us-east-1,cancelled,3.53
ce19dd48-9676-497d-87df-af6bc23a5ba3,CUST-0018,Logan Torres,Columbus,2026-03-31,2026-03-31T14:22:56.269604+00:00,42,Water,Unknown,groceries,0.98,1,0.98,0,0.0,0.98,paypal,ap-northeast-1,cancelled,4.96
074bb4a6-8538-45d8-a24e-f1e617824016,CUST-0023,Chloe Morales,Dallas,2026-03-31,2026-03-31T14:28:22.269604+00:00,30,Kiwi,Unknown,groceries,2.84,2,5.68,0,0.0,5.68,debit_card,ap-northeast-1,completed,4.93
3b47b8bf-ba04-4e08-a8ce-6fc4e0f06f70,CUST-0022,Elijah Stewart,Columbus,2026-03-31,2026-03-31T14:39:54.269604+00:00,42,Water,Unknown,groceries,1.09,2,2.18,0,0.0,2.18,paypal,us-west-2,completed,4.96
4a6b1e8b-1e65-4fc9-83f9-17656672e29e,CUST-0018,Logan Torres,Columbus,2026-03-31,2026-03-31T14:43:00.269604+00:00,7,Chanel Coco Noir Eau De,Chanel,fragrances,123.4,5,617.0,0,0.0,617.0,paypal,eu-west-1,cancelled,4.26
a6d8ef50-c1f9-4c1e-9b6f-03341f2eed4e,CUST-0029,Henry Hill,Indianapolis,2026-03-31,2026-03-31T14:43:28.269604+00:00,5,Red Nail Polish,Nail Couture,beauty,9.57,1,9.57,0,0.0,9.57,credit_card,us-west-2,completed,4.32
315b61fd-d8c2-40f6-8b07-79b563cd9bc9,CUST-0026,Evelyn Gonzalez,Dallas,2026-03-31,2026-03-31T14:50:03.269604+00:00,43,Decoration Swing,Unknown,home-decoration,59.95,2,119.9,10,11.99,107.91,buy_now_pay_later,us-east-1,completed,3.16
e10e0c53-49ea-4fb9-84df-6a8dd9895c69,CUST-0029,Henry Hill,Indianapolis,2026-03-31,2026-03-31T14:50:38.269604+00:00,37,Red Onions,Unknown,groceries,1.84,3,5.52,0,0.0,5.52,paypal,ap-southeast-1,cancelled,4.2
715cbd6a-b793-494d-85c6-6da0cb1ca490,CUST-0005,Emma Miller,Jacksonville,2026-03-31,2026-03-31T14:51:51.269604+00:00,13,Bedside Table African Cherry,Furniture Co.,furniture,309.92,1,309.92,5,15.5,294.42,gift_card,us-west-2,completed,2.87
4903d99f-7114-44af-b791-a72806926863,CUST-0012,Mia Rodriguez,Jacksonville,2026-03-31,2026-03-31T15:06:08.269604+00:00,10,Gucci Bloom Eau de,Gucci,fragrances,86.04,2,172.08,0,0.0,172.08,gift_card,ap-northeast-1,cancelled,2.74
eb0ed880-c0f6-4708-96ac-01f3fce4eeec,CUST-0008,Ava Taylor,Fort Worth,2026-03-31,2026-03-31T15:07:49.269604+00:00,49,Black Aluminium Cup,Unknown,kitchen-accessories,6.52,1,6.52,0,0.0,6.52,paypal,us-east-1,completed,4.46
bef8772b-3bb2-4957-8634-a3c62453c945,CUST-0015,William Gonzalez,San Jose,2026-03-31,2026-03-31T15:19:51.269604+00:00,37,Red Onions,Unknown,groceries,1.78,5,8.9,15,1.33,7.57,debit_card,us-west-2,completed,4.2
a39c1743-85cd-493c-8eb7-1ee40f06ff18,CUST-0018,Logan Torres,Columbus,2026-03-31,2026-03-31T16:27:59.269604+00:00,31,Lemon,Unknown,groceries,0.67,1,0.67,0,0.0,0.67,buy_now_pay_later,us-west-2,completed,3.53
42fc19ff-6306-495d-a05d-807e86e80dcf,CUST-0007,Alexander Jones,Indianapolis,2026-03-31,2026-03-31T16:33:05.269604+00:00,31,Lemon,Unknown,groceries,0.68,1,0.68,10,0.07,0.61,buy_now_pay_later,eu-west-1,completed,3.53
629ae35f-6054-4f96-9c2c-980602eae270,CUST-0022,Elijah Stewart,Columbus,2026-03-31,2026-03-31T16:36:07.269604+00:00,17,Beef Steak,Unknown,groceries,13.64,3,40.92,5,2.05,38.87,debit_card,us-east-1,completed,4.47
a2d3e73f-c5d2-4682-b9c5-dd91fc01142f,CUST-0025,Harper Kelly,Philadelphia,2026-03-31,2026-03-31T16:52:58.269604+00:00,27,Honey Jar,Unknown,groceries,6.79,2,13.58,5,0.68,12.9,debit_card,us-east-1,cancelled,3.97
a3cd8ba5-b2f2-4b2c-8cf8-c4abaff71ea0,CUST-0020,Jackson Evans,New York,2026-03-31,2026-03-31T16:55:52.269604+00:00,11,Annibale Colombo Bed,Annibale Colombo,furniture,2013.12,2,4026.24,0,0.0,4026.24,paypal,ap-southeast-1,completed,4.77
dce78406-fab7-4633-968a-6255c15ea56c,CUST-0013,Noah Hernandez,New York,2026-03-31,2026-03-31T16:59:31.269604+00:00,43,Decoration Swing,Unknown,home-decoration,67.92,2,135.84,0,0.0,135.84,credit_card,eu-west-1,completed,3.16
311a958e-935d-4fca-8b25-8d566ba8ce68,CUST-0006,Olivia Wilson,Fort Worth,2026-03-31,2026-03-31T17:10:28.269604+00:00,25,Green Bell Pepper,Unknown,groceries,1.32,1,1.32,15,0.2,1.12,paypal,us-west-2,completed,3.25
62f3778d-df78-49c9-aa0f-866089e929c7,CUST-0009,Ethan Martinez,San Antonio,2026-03-31,2026-03-31T17:21:56.269604+00:00,49,Black Aluminium Cup,Unknown,kitchen-accessories,5.99,1,5.99,0,0.0,5.99,debit_card,eu-west-1,completed,4.46
70c82ae8-45b2-4778-bff4-a1925c9cd0f9,CUST-0015,William Gonzalez,San Jose,2026-03-31,2026-03-31T17:41:15.269604+00:00,9,Dolce Shine Eau de,Dolce & Gabbana,fragrances,68.35,1,68.35,0,0.0,68.35,credit_card,us-east-1,completed,3.96
8af17080-6670-46d8-97a3-8a159949d4e5,CUST-0022,Elijah Stewart,Columbus,2026-03-31,2026-03-31T17:47:55.269604+00:00,13,Bedside Table African Cherry,Furniture Co.,furniture,269.33,1,269.33,0,0.0,269.33,debit_card,us-east-1,completed,2.87
32a7abcb-9183-4f9f-9e5d-a84e4e1331b2,CUST-0023,Chloe Morales,Dallas,2026-03-31,2026-03-31T17:55:01.269604+00:00,13,Bedside Table African Cherry,Furniture Co.,furniture,326.55,2,653.1,25,163.28,489.82,credit_card,ap-southeast-1,completed,2.87
60acef84-2034-46fa-98a6-bf79bd8917d7,CUST-0004,James Davis,Seattle,2026-03-31,2026-03-31T17:58:54.269604+00:00,19,Chicken Meat,Unknown,groceries,9.85,2,19.7,0,0.0,19.7,debit_card,ap-southeast-1,cancelled,3.19
6a9c9a05-382f-44d3-98c0-515aae401f34,CUST-0014,Charlotte Lopez,Columbus,2026-03-31,2026-03-31T18:12:21.269604+00:00,24,Fish Steak,Unknown,groceries,15.49,5,77.45,0,0.0,77.45,buy_now_pay_later,ap-southeast-1,completed,3.78
f856637a-c64e-41ee-a560-e2b745767898,CUST-0012,Mia Rodriguez,Jacksonville,2026-03-31,2026-03-31T18:28:40.269604+00:00,41,Tissue Paper Box,Unknown,groceries,2.32,5,11.6,5,0.58,11.02,gift_card,ap-southeast-1,completed,2.69
65b16654-5eb7-49a4-945f-eb75347c63b2,CUST-0002,Michael Williams,Houston,2026-03-31,2026-03-31T18:31:57.269604+00:00,33,Mulberry,Unknown,groceries,4.44,1,4.44,10,0.44,4.0,gift_card,ap-northeast-1,cancelled,4.95
c1cea006-1cd7-4724-b2d8-9d45cb2ba7e3,CUST-0030,Addison Wright,San Francisco,2026-03-31,2026-03-31T18:39:35.269604+00:00,15,Wooden Bathroom Sink With Mirror,Bath Trends,furniture,731.55,1,731.55,25,182.89,548.66,buy_now_pay_later,ap-northeast-1,completed,3.59
8d3d3299-a733-4149-9e2f-c8af05baea3f,CUST-0022,Elijah Stewart,Columbus,2026-03-31,2026-03-31T18:41:42.269604+00:00,9,Dolce Shine Eau de,Dolce & Gabbana,fragrances,66.05,1,66.05,0,0.0,66.05,buy_now_pay_later,ap-northeast-1,completed,3.96
4e90dfd7-6e8c-4e99-b509-6950892e45d9,CUST-0027,Daniel Cook,Los Angeles,2026-03-31,2026-03-31T18:49:06.269604+00:00,4,Red Lipstick,Chic Cosmetics,beauty,14.11,1,14.11,0,0.0,14.11,debit_card,ap-northeast-1,returned,4.36
fb6fd633-f420-4235-ae2c-bb385e1b2035,CUST-0027,Daniel Cook,Los Angeles,2026-03-31,2026-03-31T18:56:00.269604+00:00,46,Plant Pot,Unknown,home-decoration,14.1,5,70.5,20,14.1,56.4,paypal,us-east-1,returned,3.01
19593dd1-98a4-43af-8871-7d05e9fd6558,CUST-0009,Ethan Martinez,San Antonio,2026-03-31,2026-03-31T19:16:47.269604+00:00,14,Knoll Saarinen Executive Conference Chair,Knoll,furniture,478.21,1,478.21,0,0.0,478.21,credit_card,ap-northeast-1,completed,4.88
c2f6a5fb-1fef-46d4-a4a4-0040f25f9076,CUST-0011,Liam Garcia,Denver,2026-03-31,2026-03-31T19:23:03.269604+00:00,9,Dolce Shine Eau de,Dolce & Gabbana,fragrances,70.16,1,70.16,25,17.54,52.62,credit_card,eu-west-1,completed,3.96
c03053db-72ef-44d0-b192-ae69e0419e73,CUST-0013,Noah Hernandez,New York,2026-03-31,2026-03-31T19:26:48.269604+00:00,21,Cucumber,Unknown,groceries,1.67,4,6.68,0,0.0,6.68,gift_card,ap-northeast-1,completed,4.07
fd908abd-b0e6-4473-8dc4-52df7162db44,CUST-0009,Ethan Martinez,San Antonio,2026-03-31,2026-03-31T19:30:53.269604+00:00,12,Annibale Colombo Sofa,Annibale Colombo,furniture,2676.3,1,2676.3,0,0.0,2676.3,paypal,us-west-2,completed,3.92
a14ea8a0-599d-4fd5-a148-05195fedba75,CUST-0010,Isabella Anderson,New York,2026-03-31,2026-03-31T19:40:13.269604+00:00,8,Dior J'adore,Dior,fragrances,90.52,1,90.52,0,0.0,90.52,credit_card,us-east-1,cancelled,3.8
4cdcdbc5-0ca2-4c34-bd10-3ee083b28b28,CUST-0003,Sophia Brown,Washington,2026-03-31,2026-03-31T19:43:51.269604+00:00,50,Black Whisk,Unknown,kitchen-accessories,8.93,4,35.72,0,0.0,35.72,buy_now_pay_later,us-east-1,completed,3.9
b426017e-84db-4433-aff9-2280c909b200,CUST-0002,Michael Williams,Houston,2026-03-31,2026-03-31T19:45:00.269604+00:00,15,Wooden Bathroom Sink With Mirror,Bath Trends,furniture,722.2,4,2888.8,10,288.88,2599.92,debit_card,us-east-1,completed,3.59
0299f652-91a2-4895-b399-82375633f425,CUST-0021,Madison Collins,Philadelphia,2026-03-31,2026-03-31T19:47:30.269604+00:00,29,Juice,Unknown,groceries,3.49,2,6.98,0,0.0,6.98,debit_card,us-east-1,completed,3.94
a7f87818-7c2f-4fa2-ad1a-8de3dde31c5d,CUST-0001,Emily Johnson,Phoenix,2026-03-31,2026-03-31T20:04:39.269604+00:00,27,Honey Jar,Unknown,groceries,6.71,1,6.71,0,0.0,6.71,buy_now_pay_later,us-west-2,completed,3.97
4e28771d-77a4-4817-9616-bcf233c4d392,CUST-0021,Madison Collins,Philadelphia,2026-03-31,2026-03-31T20:09:12.269604+00:00,24,Fish Steak,Unknown,groceries,14.83,1,14.83,0,0.0,14.83,credit_card,ap-northeast-1,completed,3.78
407d8aed-7a8f-4951-9afc-b9ae515bb6b1,CUST-0026,Evelyn Gonzalez,Dallas,2026-03-31,2026-03-31T20:10:15.269604+00:00,25,Green Bell Pepper,Unknown,groceries,1.36,2,2.72,0,0.0,2.72,debit_card,ap-southeast-1,completed,3.25
7488feb3-19f5-47de-9358-b02e6171155f,CUST-0016,Avery Perez,Columbus,2026-03-31,2026-03-31T20:18:02.269604+00:00,26,Green Chili Pepper,Unknown,groceries,0.99,3,2.97,0,0.0,2.97,debit_card,ap-southeast-1,completed,3.66
66841cc1-6f1f-4813-8dbd-eed31888f5c5,CUST-0029,Henry Hill,Indianapolis,2026-03-31,2026-03-31T20:40:01.269604+00:00,15,Wooden Bathroom Sink With Mirror,Bath Trends,furniture,871.21,2,1742.42,0,0.0,1742.42,gift_card,ap-southeast-1,completed,3.59
d6d402fd-1348-4119-9714-e523d366bc02,CUST-0014,Charlotte Lopez,Columbus,2026-03-31,2026-03-31T20:47:13.269604+00:00,23,Eggs,Unknown,groceries,3.3,1,3.3,0,0.0,3.3,buy_now_pay_later,ap-northeast-1,completed,2.53
706268c8-4412-4339-be5d-14c3ca34dd75,CUST-0020,Jackson Evans,New York,2026-03-31,2026-03-31T21:03:17.269604+00:00,14,Knoll Saarinen Executive Conference Chair,Knoll,furniture,538.03,1,538.03,5,26.9,511.13,debit_card,ap-northeast-1,completed,4.88
de6b74bd-a82b-4825-80f6-78deb81c5a02,CUST-0004,James Davis,Seattle,2026-03-31,2026-03-31T21:37:38.269604+00:00,21,Cucumber,Unknown,groceries,1.43,3,4.29,0,0.0,4.29,debit_card,ap-northeast-1,completed,4.07
0542c626-d808-4403-acd8-4c405011bc9d,CUST-0004,James Davis,Seattle,2026-03-31,2026-03-31T21:39:42.269604+00:00,2,Eyeshadow Palette with Mirror,Glamour Beauty,beauty,20.72,1,20.72,5,1.04,19.68,debit_card,ap-southeast-1,cancelled,2.86
2df77f52-f870-4dde-92c6-e984d189081e,CUST-0030,Addison Wright,San Francisco,2026-03-31,2026-03-31T21:43:11.269604+00:00,6,Calvin Klein CK One,Calvin Klein,fragrances,50.37,2,100.74,0,0.0,100.74,credit_card,us-east-1,completed,4.37
45d01993-91f0-44d6-89c3-920dfdf91653,CUST-0030,Addison Wright,San Francisco,2026-03-31,2026-03-31T21:48:50.269604+00:00,30,Kiwi,Unknown,groceries,2.68,3,8.04,5,0.4,7.64,buy_now_pay_later,eu-west-1,cancelled,4.93
18d5d95b-7ccb-4d76-9917-5bff7902fb1e,CUST-0021,Madison Collins,Philadelphia,2026-03-31,2026-03-31T22:07:20.269604+00:00,3,Powder Canister,Velvet Touch,beauty,13.56,1,13.56,15,2.03,11.53,credit_card,ap-southeast-1,completed,4.64
3e70139b-9e30-4edb-9bee-91144d137c50,CUST-0019,Abigail Rivera,Chicago,2026-03-31,2026-03-31T22:08:09.269604+00:00,37,Red Onions,Unknown,groceries,2.13,1,2.13,0,0.0,2.13,buy_now_pay_later,ap-northeast-1,cancelled,4.2
910e1e86-e6fc-48e6-b019-a8e375d6f888,CUST-0013,Noah Hernandez,New York,2026-03-31,2026-03-31T22:16:24.269604+00:00,46,Plant Pot,Unknown,home-decoration,17.05,1,17.05,15,2.56,14.49,debit_card,us-east-1,completed,3.01
e4db4f66-01fe-46ff-8511-f2ddcadb5dee,CUST-0011,Liam Garcia,Denver,2026-03-31,2026-03-31T22:43:02.269604+00:00,27,Honey Jar,Unknown,groceries,6.89,1,6.89,0,0.0,6.89,buy_now_pay_later,us-east-1,cancelled,3.97
7b9a2418-d103-4338-b8e4-dd0dd0ad49a4,CUST-0010,Isabella Anderson,New York,2026-03-31,2026-03-31T23:01:09.269604+00:00,29,Juice,Unknown,groceries,4.48,1,4.48,15,0.67,3.81,buy_now_pay_later,us-east-1,completed,3.94
31dd0567-9ff6-4e48-b9a4-7bde73304050,CUST-0029,Henry Hill,Indianapolis,2026-03-31,2026-03-31T23:19:25.269604+00:00,39,Soft Drinks,Unknown,groceries,1.73,3,5.19,0,0.0,5.19,debit_card,ap-northeast-1,completed,4.75
c5c74416-eb32-42ec-89e2-6e9178cad0b7,CUST-0002,Michael Williams,Houston,2026-03-31,2026-03-31T23:29:22.269604+00:00,42,Water,Unknown,groceries,1.01,1,1.01,15,0.15,0.86,buy_now_pay_later,us-west-2,completed,4.96
ae8d8eb0-224b-48a1-85b6-ad55ad2fa443,CUST-0012,Mia Rodriguez,Jacksonville,2026-03-31,2026-03-31T23:32:26.269604+00:00,16,Apple,Unknown,groceries,1.88,3,5.64,5,0.28,5.36,gift_card,ap-southeast-1,completed,4.19
f2674b71-3e0c-4a4c-8d18-64840aa2b980,CUST-0003,Sophia Brown,Washington,2026-03-31,2026-03-31T23:33:37.269604+00:00,24,Fish Steak,Unknown,groceries,16.74,1,16.74,0,0.0,16.74,gift_card,ap-northeast-1,completed,3.78
1e211f7b-7da0-4fb6-a5f7-19cbe7ecd400,CUST-0017,Evelyn Sanchez,San Diego,2026-03-31,2026-03-31T23:46:25.269604+00:00,31,Lemon,Unknown,groceries,0.74,1,0.74,25,0.18,0.56,buy_now_pay_later,ap-northeast-1,completed,3.53
94cf8d77-2817-4f68-81b7-2426cc1e0f9b,CUST-0013,Noah Hernandez,New York,2026-03-31,2026-03-31T23:58:42.269604+00:00,13,Bedside Table African Cherry,Furniture Co.,furniture,344.93,3,1034.79,0,0.0,1034.79,paypal,ap-northeast-1,completed,2.87
76a8c26e-9eb8-42b2-91ad-d146d9ad8c61,CUST-0002,Michael Williams,Houston,2026-04-01,2026-04-01T00:00:47.269604+00:00,19,Chicken Meat,Unknown,groceries,9.27,1,9.27,0,0.0,9.27,debit_card,eu-west-1,cancelled,3.19
3ba1e83e-f4b0-4972-8f2f-fe0b6d42dcdb,CUST-0001,Emily Johnson,Phoenix,2026-04-01,2026-04-01T00:12:36.269604+00:00,1,Essence Mascara Lash Princess,Essence,beauty,10.15,2,20.3,0,0.0,20.3,buy_now_pay_later,ap-southeast-1,completed,2.56
248fa931-fa62-4ed2-94dc-f8c06ab6726f,CUST-0010,Isabella Anderson,New York,2026-04-01,2026-04-01T00:12:54.269604+00:00,39,Soft Drinks,Unknown,groceries,2.01,1,2.01,25,0.5,1.51,paypal,ap-northeast-1,completed,4.75
71227be1-d466-44b4-a0ac-16310f8a37fc,CUST-0023,Chloe Morales,Dallas,2026-04-01,2026-04-01T00:14:38.269604+00:00,47,Table Lamp,Unknown,home-decoration,52.82,1,52.82,25,13.21,39.61,gift_card,ap-northeast-1,completed,3.55
fb27b8cd-9097-4392-9e10-2be7839ed728,CUST-0008,Ava Taylor,Fort Worth,2026-04-01,2026-04-01T00:55:57.269604+00:00,28,Ice Cream,Unknown,groceries,5.88,2,11.76,0,0.0,11.76,buy_now_pay_later,us-east-1,completed,3.39
0deec3ef-b782-4446-b86f-293c21401d84,CUST-0023,Chloe Morales,Dallas,2026-04-01,2026-04-01T00:56:36.269604+00:00,1,Essence Mascara Lash Princess,Essence,beauty,8.79,1,8.79,25,2.2,6.59,debit_card,ap-southeast-1,completed,2.56
f1288848-9190-4fdf-8577-2ae966b06564,CUST-0016,Avery Perez,Columbus,2026-04-01,2026-04-01T01:14:01.269604+00:00,14,Knoll Saarinen Executive Conference Chair,Knoll,furniture,535.13,2,1070.26,5,53.51,1016.75,credit_card,ap-northeast-1,completed,4.88
